Location,Followers,Following,Stars,Contributions,Weight
"Buffalo, New York",8,3,1,7,5.0
India,7,10,39,458,197.3
"San Francisco, CA",47,14,24,505,220.0
"Paderborn, Germany",28,46,99,44,57.5
beijing,4,31,26,5,13.7
Arizona,13,35,307,115,144.2
New York,29,0,10,99,48.400000000000006
New York,29,0,10,99,48.400000000000006
4936,33,70,47,1,28.1
"Kolkata, India",530,28,344,2067,1038.8000000000002
"Berlin, Germany",13,14,390,627,371.8
Bangalore,2,3,3,110,45.6
Hamburg/ Germany ,1,1,1,13,5.800000000000001
"Oakland, CA",110,16,94,62,76.6
"Great Rift Valley, Kenya",49,63,118,104,93.1
"Stanford, CA",11,1,17,37,22.200000000000003
"Brisbane, Australia",197,245,291,2291,1067.6000000000001
Chile,19,4,38,18,22.8
"Pune, India",29,37,432,150,199.1
London,1,0,0,13,5.4
"Nottingham, United Kingdom",32,26,9,457,194.5
New York,3,0,0,3,1.8000000000000003
"Dublin, Ireland",4,4,4,1,2.8000000000000003
"Charlotte, NC",3,0,0,0,0.6000000000000001
Bangalore ,47,100,227,541,303.9
"jaladhar,punjab",26,10,3,272,115.9
"Bogotá, Colombia",10,32,36,1,16.4
Italy,108,8,10,798,344.6
Seattle,7,52,241,2,79.69999999999999
"Austin, TX",13,27,220,285,185.3
"Salt Lake City, UT",0,1,0,0,0.1
North America,2,0,1,64,26.3
San Diego,3,1,3,15,7.6
Boston,15,0,6,28,16.0
"Denver, Colorado",15,0,6,6,7.2
glasgow,10,16,11,63,32.1
"Zhejiang,China",45,56,223,17,88.3
Berlin,143,36,188,424,258.20000000000005
"Barkhamsted, CT",458,6,129,29,142.5
Canada,10,10,1,105,45.3
Chicago ,3,0,1,0,0.9000000000000001
London,16,59,291,44,114.0
San Francisco,7,5,39,37,28.4
London,7,5,39,220,101.6
Stockholm,4,5,3,415,168.2
"Pune, Maharashtra, India",17,10,5,101,46.300000000000004
Spain,1,1,1,1,1.0
Istanbul,99,4,49,863,380.1
Halifax,2,4,0,2091,837.2
Munich,1,0,12,57,26.6
"Milwaukee, WI",0,1,1,63,25.6
"Changchun, Jilin",8,30,111,1,38.3
"Barkhamsted, CT",458,6,129,29,142.5
北京.海淀,4,25,157,0,50.4
"Washington, DC",564,9,29,556,344.8
Hyderabad,3,2,1,7,3.9000000000000004
"TOKYO-JAPAN, ROK-SEOUL",130,11,168,7756,3179.9
"Chennai,Tamil Nadu,India",31,29,19,23,24.0
"Dublin, Ireland",10,11,2,1,4.1000000000000005
"San Francisco, CA",4,3,15,81,38.0
India,1,0,0,0,0.2
Delhi,0,0,1,5,2.3
"Bloomington, IN",0,1,0,0,0.1
Brazil,106,133,423,4938,2136.6
"TOKYO-JAPAN, ROK-SEOUL",130,11,168,7756,3179.9
Ghana,12,14,56,0,20.6
"Munich, Germany.",12,14,56,9,24.200000000000003
"Atlanta, GA",5,3,8,0,3.7
"Dallas, Texas",4,9,0,3,2.9000000000000004
Kochi,16,34,94,80,66.8
TX,2,6,1,0,1.3
"Sheffield, United Kingdom",4,4,3,657,264.90000000000003
Athens,3,2,2,0,1.4
"Houston, TX",3,2,2,1,1.7999999999999998
Phoenix,2,3,0,12,5.500000000000001
Singapore,4,4,15,929,377.3
India Kolkata,44,7,47,410,187.6
"London, UK",3,4,4,9,5.800000000000001
"Mountain View, CA",37,0,0,7,10.200000000000001
"London, UK",78,5,0,66,42.5
L1 Cache,54,73,393,2162,1000.8000000000001
Boston,84,15,48,266,139.10000000000002
"Islamabad, Pakistan",1,14,104,19,40.4
London,2,2,5,247,100.9
São Paulo,1,5,0,12,5.500000000000001
Pittsburg CA,1,1,1,7,3.4000000000000004
"Kiev, Ukraine",8,2,0,50,21.8
"Saint Louis, MO",40,54,59,128,82.30000000000001
"Kolkata,INDIA",15,1,9,132,58.6
"iran , tehran",1,31,10,38,21.5
"Taiwan, Yilan",9,30,698,80,246.20000000000002
San Francisco Bay Area,3,39,41,0,16.799999999999997
"Dublin, Ireland",57,22,93,361,185.9
UK,1,8,0,1,1.4
Malaysia,4,6,2,3,3.2
"Milwaukee, WI",0,0,3,41,17.3
"Kolkata, West Bengal, India",9,14,10,12,11.0
"Ramos Mejia, Buenos Aires, Argentina",0,2,7,5,4.300000000000001
South Africa,1,0,2,5,2.8
BeiJing,2,2,17,23,14.9
"Milwaukee, WI",0,0,3,41,17.3
"Waterloo, CA",3,2,51,79,47.7
Mississauga,1,1,6,0,2.0999999999999996
"Irvine, CA",9,18,36,19,22.0
India,9,0,18,32,20.0
Mumbai,17,74,54,8,30.2
delhi india,1,0,7,4,3.9000000000000004
Chennai,6,11,0,37,17.1
Dallas,1,0,0,0,0.2
Tijuana B.C mexico,10,8,18,152,69.0
"Pune, India",0,1,2,0,0.7
"Dhaka, Bangladesh",36,0,1,13,12.7
Bengaluru,1,0,0,39,15.8
New York city,1,0,3,21,9.5
Seattle,61,0,1,259,116.10000000000001
"HCMC, VietNam",0,0,2,216,87.0
Goiânia - GO,59,12,2,72,42.4
"Bangalore, India",59,12,2,15,19.6
"Zacatecas, México",4,12,14,25,16.2
london UK,0,4,13,93,41.5
"Kolkata, India",51,14,6,73,42.60000000000001
Japan,15,21,11,329,140.0
Australia,0,0,1,185,74.3
"Bangalore, India",0,0,1,0,0.3
pittsburgh,8,0,2,0,2.2
Hyderabad,3,1,13,53,25.800000000000004
Toronto,1,0,1,19,8.100000000000001
"New Delhi, India",15,0,61,646,279.70000000000005
"Kolkata, India",0,3,4,22,10.3
"New Delhi,India",1,1,0,0,0.30000000000000004
Bangalore,6000,0,2,388,1355.8
tirupati,6000,0,2,6,1203.0
Dallas TX,0,1,19,0,5.8
Gurgaon,8,13,21,116,55.60000000000001
"Gothenburg, Sweden",8,4,8,6,6.800000000000001
"Karachi, Pakistan",8,4,8,2,5.2
Gurgaon,1,1,0,0,0.30000000000000004
Mumbai | India,1,1,0,1,0.7000000000000001
Stoke on Trent. UK,695,0,19,91,181.1
"Jersey City, NJ",2,1,4,134,55.300000000000004
"Boston , Massachusettes",24,13,1,95,44.4
"Jabalpur,India",1,10,29,0,9.899999999999999
"Tucson, Arizona, USA",0,1,5,73,30.800000000000004
New Delhi,3,3,14,11,9.5
Mumbai,4,5,2,47,20.7
"Stockholm, Sweden",0,1,0,59,23.700000000000003
Kota,0,1,4,18,8.5
Knoxville,10,7,142,259,148.9
São Paulo - Brasil,5,7,19,2,8.200000000000001
Ireland,1,2,0,31,12.8
Pune,1,3,1,3,2.0
Noida Sec-27,6,6,0,126,52.2
New York City,1,7,50,135,69.9
Hyderabad,14,24,23,18,19.3
"Stuttgart, Germany",41,2,32,990,414.0
Benguluru,1,1,0,0,0.30000000000000004
"Karachi, Pakistan",12,0,0,21,10.8
"Toronto, Canada",78,9,17,772,330.40000000000003
"Pune, India",2,8,0,110,45.2
"Pune, India",4,25,51,95,56.599999999999994
Bangalore,3,0,0,51,21.000000000000004
"Dhaka, Bangladesh",0,1,0,26,10.5
Singapore,204,250,10,678,340.0
Tempe,4,4,9,51,24.3
"Brisbane, Australia",0,0,1,89,35.9
"Mountain View, CA",37,0,0,7,10.200000000000001
Sweden,20,2,0,75,34.2
COIMBATORE,10,11,13,194,84.60000000000001
New Zealand,1,0,3,103,42.300000000000004
"Boston, Massachusetts",1,0,1,12,5.300000000000001
"Memphis, Tennessee",8,9,16,14,12.9
Dhaka,1,8,5,35,16.5
Kolkata,17,21,17,11,15.0
"West Lafayette, IN",10,16,33,76,43.900000000000006
Tokyo,2,6,5,989,398.1
İstanbul,1,1,0,33,13.500000000000002
Thessaloniki,1,1,0,117,47.1
India,1,3,16,47,24.1
Mumbai,25,2,28,472,202.4
"Guelph, Ontario, Canada",2,1,2,89,36.7
Shanghai,9,30,30,219,101.4
"Pittsburgh, PA",16,3,8,168,73.10000000000001
Switzerland,37,6,1,172,77.1
"Harrison,New Jersey",0,1,0,0,0.1
United States,0,14,48,27,26.6
"Poland, Kraków",38,77,245,1031,501.20000000000005
"Lille, France",17,2,7,1909,769.3000000000001
Shanghai,9,30,30,224,103.4
"Pittsburgh, PA",16,3,8,168,73.10000000000001
"Lagos, Nigeria",56,38,176,793,385.00000000000006
SF Bay Area,6,0,7,1037,418.1
Banglore India,1,0,0,36,14.6
"Syracuse, New York, US",5,1,7,83,36.400000000000006
"Pittsburgh, PA",16,3,8,168,73.10000000000001
"New Delhi, India",95,248,126,228,172.8
"DELHI,INDIA",2,3,0,39,16.3
India,2,1,0,83,33.7
"Lahore, Pakistan",4,10,10,128,56.0
"Bengaluru, Karnataka ",68,5,14,1237,513.1
Hyderabad,0,0,1,26,10.700000000000001
Hyderabad,0,1,0,10,4.1
Nakuru,10,19,3,108,48.0
New York City,1,1,4,814,327.1
Israel,1,2,0,74,30.0
United States,1,2,0,54,22.0
India,5,8,61,5105,2062.1
India,1,2,0,57,23.2
Australia,1,2,0,43,17.599999999999998
"Wales, UK",824,2,57,2535,1196.1
"Trichy,India ",13,16,6,451,186.4
Hong Kong,14,14,229,583,306.1
"Buffalo, New York",1,2,2,222,89.80000000000001
"Tehran, Iran ",82,281,185,337,234.8
Delhi,1,2,3,113,46.5
"Haryana, India",1,1,0,51,20.700000000000003
Australia,1,1,0,89,35.9
"Valsad,India",8,5,3,165,69.0
"Bhubhaneshwar,India.",2,2,6,59,26.0
Île-de-France,18,59,220,657,338.3
Hyderabad,1,9,0,18,8.3
Chicago,2,3,13,249,104.2
Ottawa,1,1,0,83,33.5
dhaka,0,0,15,264,110.10000000000001
"35,000 ft. up in the air ",0,2,2,90,36.8
Egypt-minia,3,1,0,38,15.9
Bangalore,4,4,0,84,34.800000000000004
"Lagos,Nigeria",10,34,27,90,49.5
Bangalore,2,0,0,53,21.6
"Orlando, FL",0,2,0,56,22.6
Nigeria,0,12,45,59,38.3
Blumenau,65,18,39,270,134.5
UK,65,18,39,29,38.1
delhi,3,4,0,20,9.0
Boston,0,1,0,19,7.7
"Clemson, SC",0,1,0,14,5.7
New Delhi,1,1,0,84,33.9
India,1,1,0,48,19.500000000000004
Mumbai,307,6,12,375,215.60000000000002
"Satna, Madhya Pradesh",0,1,6,31,14.3
Mumbai,14,7,1,250,103.8
Raleigh-Durham,14,7,1,56,26.200000000000003
"Kolkata, West Bengal, India",13,2,2,188,78.60000000000001
"Ellensburg, WA",6,8,3,114,48.5
Kolkata,0,7,2,87,36.1
"Rogers, Arkansas",2,0,1,124,50.300000000000004
"Boston, USA",2,0,1,7,3.5
Freiberg,2,0,1,112,45.50000000000001
"Pune, India",0,4,6,230,94.2
Hyderabad,2,3,0,640,256.7
solapur,0,0,3,72,29.7
Presidente Prudente - SP - Brasil,6,1,0,322,130.10000000000002
Bolivia,1,2,1,9,4.3
"Lund, Sweden",0,0,5,31,13.9
Hong Kong,1,1,0,4,1.9000000000000001
"Durham, North Carolina",2,1,0,26,10.9
Bangalore,2,1,0,127,51.300000000000004
"Chandigarh, India",12,11,0,275,113.5
"1721 East Beltline Rd., Coppell, TX 75019",3,4,0,10,5.0
Campbellton NB Canada,5,2,0,40,17.2
"New Delhi, India",7,8,7,13,9.5
"New Delhi, India",7,8,7,31,16.700000000000003
México,2,0,5,37,16.7
"Denver, Colorado",0,1,0,231,92.5
"Pune,INDIA",5,2,7,797,322.1
Hyderabad,2,1,3,95,39.4
"Alibag, India",1,1,1,14,6.200000000000001
Toronto,6,0,0,57,24.0
Patna,10,17,5,151,65.60000000000001
Hyderabad,1,2,1,10,4.7
Sri Lanka,3,0,7,159,66.3
Gandhinagar,3,0,7,365,148.7
dallas fortwort,0,5,0,36,14.9
Bangalore,0,5,0,35,14.5
"Cape Town, South Africa",2,6,36,692,288.6
"Pune,Maharashtra,India",2,6,36,30,23.799999999999997
"warrangal,telangana",0,23,0,71,30.700000000000003
Uruguay,0,23,0,32,15.100000000000001
United States,2,0,0,36,14.8
"Hyderabad,India",1,2,1,139,56.300000000000004
New York,1,2,1,11,5.1000000000000005
Sweden ,1,2,1,4,2.3
"Mumbai,India",1,1,13,45,22.2
"College of Engineering And Technology,Bhubaneswar",8,5,8,350,144.5
Malaysia,0,1,0,14,5.7
"warrangal,telangana",0,23,0,71,30.700000000000003
Nagercoil,0,23,0,73,31.500000000000004
Belo Horizonte,0,0,1,22,9.100000000000001
"Hyderabad, India",0,0,1,87,35.1
"Chennai,India",21,22,17,198,90.7
"Lake Forest, Illinois, US",1,5,2,37,16.1
Greater Noida,0,0,2,56,23.000000000000004
New Delhi,1,2,6,339,137.79999999999998
Bangalore,1,2,6,17,9.0
Mogi-Guaçu SP,1,0,0,166,66.60000000000001
Amsterdam,1,10,6,19,10.600000000000001
"Boston, Massachusetts",0,0,1,40,16.3
"Amrita Vishwa Vidyapeetham Amritapuri ,Kollam, India",15,27,31,191,91.4
Algeria,1,2,1,40,16.7
India,0,0,9,73,31.900000000000002
"New delhi, delhi",4,12,4,71,31.6
Khulna,9,72,5,83,43.7
Kota,0,1,4,18,8.5
"Thessaloniki, Greece",1,5,0,1159,464.3
manipal,1,5,0,105,42.7
Internet,17,34,17,276,122.30000000000001
"Greece, Thessaloniki",7,16,6,954,386.40000000000003
"Lonavala,Maharashta,India",6,4,23,163,73.7
"Melbourne & Geelong, Australia",15,21,43,578,249.20000000000002
Barcelona,1,5,1,269,108.60000000000001
VIT Vellore,10,5,192,101,100.5
PES University,10,5,192,31,72.5
Portugal,2,5,0,72,29.7
India,2,50,26,684,286.8
Arinos,4,13,0,206,84.5
Nagpur,4,13,0,16,8.5
Bangladesh,2,0,1,206,83.10000000000001
"Dublin, Ireland",29,39,10,126,63.10000000000001
"New Delhi , India",8,13,494,237,245.9
"Los Angeles, CA",1,1,1,3,1.8000000000000003
"Minas Gerais, Brazil",0,2,1,184,74.10000000000001
"Lagos, Nigeria",29,13,41,56,41.8
"Tempe, Arizona",12,38,40,1153,479.40000000000003
Pakistan,29,5,0,93,43.5
"Pretoria, South Africa",2,8,78,173,93.8
"New York, NY",3,3,10,693,281.09999999999997
Bangalore,1,0,4,285,115.4
Mumbai,3,12,26,184,83.2
Germany,8,6,51,98,56.7
"Mountain View, CA",19,10,14,20,17.0
Montreal,30,27,40,225,110.7
"Toronto, Ontario",45,83,45,1,31.2
"Russia, Armenia",216,6,52,595,297.4
"McKinleyville, CA",216,6,52,0,59.400000000000006
USA,3,0,0,33,13.8
"Greensboro, NC",22,1,23,20,19.4
San Jose,22,1,23,0,11.399999999999999
"Hyderabad, India",22,17,70,51,47.5
"Auckland, New Zealand",22,17,70,1,27.5
"TOKYO-JAPAN, ROK-SEOUL",130,11,168,7829,3209.1000000000004
"New York, NY",12,80,329,18,116.30000000000001
United States,10,9,9,114,51.2
"San Jose, CA",6,0,19,6,9.3
Copenhagen,1,3,5,0,2.0
"Cuttack , Odisha , India",13,10,8,81,38.4
MUMBAI,0,5,2,1,1.5
"Draveil, France",0,0,2,0,0.6
"Markhan, ON",1,0,5,28,12.9
San Francisco,6,24,23,83,43.7
"Montréal, Canada",8,24,8,186,80.80000000000001
"Pittsburgh, PA",16,18,32,15,20.6
India,31,36,347,140,169.89999999999998
"Philadelphia, PA",12,18,13,99,47.7
Exeter ,6,1,0,6,3.7000000000000006
"Budapest, Hungary",6,1,0,0,1.3000000000000003
"Vancouver, Canada",2,0,0,77,31.2
"Hyderabad, India",14,25,23,78,43.400000000000006
Bengaluru,14,25,23,0,12.2
Los Angeles,0,1,0,6,2.5000000000000004
"Austin,TX",0,0,1,0,0.3
JAPAN,5,16,59,75,50.3
"Fortaleza, Ceará, Brazil",113,134,521,1844,929.9
bangalore,113,134,521,0,192.29999999999998
Jamshedpur,5,17,48,0,17.099999999999998
"Chicago, IL",13,3,129,89,77.19999999999999
Bangalore,13,3,129,2,42.39999999999999
Palo Alto,24,9,19,35,25.400000000000002
"Oulu, Finland. ",3,0,0,51,21.000000000000004
"Burnaby, BC, Canada",30,0,1,34,19.900000000000002
"Bhubaneswar, India",1,9,0,0,1.1
Chennai,12,134,0,31,28.200000000000003
Yogyakarta,3,1,0,0,0.7000000000000001
Travelling across the USA,1,2,11,62,28.5
"Cincinnati, Ohio, United States",1,0,0,0,0.2
Patan,1,1,0,0,0.30000000000000004
Bengaluru,0,2,1,0,0.5
"Bellingham, WA",0,2,1,0,0.5
GWALIOR,0,0,2,10,4.6
"Rochester, NY",0,0,1,0,0.3
"Los Angeles, CA",0,1,1,114,46.0
Sri Lanka,17,30,130,786,359.8
Hyderabad,45,0,98,47,57.2
"Portland, OR",4,8,21,0,7.9
"Melbourne, Australia",92,8,2,1010,423.8
"Chennai, India",1,0,0,19,7.800000000000001
Israel,44,21,316,2561,1130.1000000000001
Dehradun,1,7,14,7,7.9
India,1,7,0,0,0.9000000000000001
"Dhaka, Bangladesh",13,43,28,31,27.700000000000003
"San Diego, California",4,5,11,2,5.3999999999999995
Jakarta Selatan.Indonesia,18,66,37,8,24.5
Hyderabad,2,4,1,0,1.1
"New York, NY",62,104,75,412,210.10000000000002
KITALE,2,7,38,35,26.5
Mumbai,2,7,38,3,13.7
California,2,7,38,0,12.5
"Espoo, Finland",2,7,38,44,30.1
"La Crosse, WI",2,0,4,0,1.6
Kanyakumari,8,7,5,11,8.200000000000001
Minneapolis-St. Paul,7,23,122,108,83.5
"Dublin 4, Ireland ",2,8,1,0,1.5000000000000002
Nairobi Kenya,91,77,90,1337,587.7
Boston,1,10,0,15,7.2
"Kamand , Mandi , H.P.(175005)",2,0,0,71,28.8
Bangalore,28,13,4,121,56.50000000000001
USA,26,25,16,511,216.9
Bangalore,15,13,25,139,67.4
"Seattle, WA",13,14,1,4,5.9
Seattle,1,17,0,0,1.9000000000000001
Shanghai,26,37,82,91,69.9
Seattle,7,8,33,35,26.1
"Beijing, China",100,18,136,357,205.4
"Chennai,TamilNadu,India",11,27,104,37,50.900000000000006
"Toronto, ON",2,1,116,9,38.9
Ireland,5,4,4,0,2.5999999999999996
Washington DC,0,1,0,22,8.9
Nigeria,3,6,8,0,3.6
Nairobi,8,6,2,9,6.4
Shanghai,28,42,101,67,66.89999999999999
"Toronto, ON",2,1,116,9,38.9
Ireland,5,4,4,0,2.5999999999999996
"Abuja, Nigeria",5,4,1,24,11.3
"Mumbai, Maharashtra",5,4,1,0,1.7
São Paulo/SP,0,1,0,0,0.1
Kolkata,2,17,3,660,267.0
"Steenbeker weg, Kiel, Germany",0,3,0,3,1.5000000000000002
MUMBAI,1,0,3,15,7.1
Mumbai,17,74,54,8,30.2
New Delhi,2,4,12,32,17.2
"Helsinki, Finland.",1,9,3,2,2.8
Brazil,15,2,5,24,14.3
Portland Oregon,3,0,0,0,0.6000000000000001
Cincinnati,3,0,0,0,0.6000000000000001
hyderabad,21,30,52,93,60.0
"Utah, USA",24,16,16,33,24.4
Chengdu,7,1,6,60,27.3
"Lagos, Nigeria ",0,0,1,2,1.1
New York,2,0,1,16,7.1000000000000005
"Austin, TX",11,9,13,0,7.0
"Amritapuri,Kollam,Kerala",11,9,13,19,14.600000000000001
"Barcelona, Spain",43,6,33,2840,1155.1
Bangalore,3,1,0,2,1.5
Ciudad Autónoma de Buenos Aires,2,41,32,737,308.90000000000003
Rajahmundry,1,1,0,0,0.30000000000000004
"Razole ,East Godavari, Andhra Pradesh",1,1,0,189,75.9
Madrid ,1,1,0,0,0.30000000000000004
Japan,15,21,11,329,140.0
India,9,16,8,70,33.8
"New Delhi, India",17,6,46,99,57.4
San Francisco,17,6,46,1,18.199999999999996
Algeria,1,1,0,53,21.500000000000004
Vellore,8,8,23,0,9.3
Hyderabad,8,8,23,0,9.3
"Manchester, UK",8,8,23,0,9.3
"Toronto, Ontario",0,0,1,4,1.9000000000000001
"Berlin, Germany",4,0,10,152,64.60000000000001
Kolkata,2,1,2,0,1.1
Delhi,2,1,2,0,1.1
"kathmandu,nepal",8,14,4,104,45.800000000000004
"Jalgaon,Maharashtra,India",7,9,4,40,19.5
Jaipur,1,3,0,30,12.5
Brazil,1,3,0,35,14.5
pune,3,0,3,16,7.9
Chennai,563,44,104,3816,1674.6000000000001
Bangalore,2,0,2,0,1.0
"Haldia, West Bengal",5,4,1,199,81.30000000000001
Barcelona,1,5,1,269,108.60000000000001
greater noida,2,0,0,54,22.0
"Falkirk, Scotland",0,0,2,19,8.200000000000001
India,2,1,2,5,3.1
Dallas,1,1,0,17,7.1000000000000005
"Pokhara, Nepal",60,31,268,1894,853.1
India,1,0,1,23,9.700000000000001
"Dallas, TX",1,0,1,1,0.9
RAIPUR,0,3,9,23,12.200000000000001
Cape Town,0,0,7,4,3.7
"Delhi, India",10,3,31,194,89.2
"Boston, MA",25,12,110,3874,1588.8000000000002
Montreal,1,0,0,4,1.8
Faridabad,1,12,1,115,47.7
"Medellin, Colombia",9,7,0,889,358.1
"Kolkata, India",2,1,7,84,36.2
Mclean,1,0,6,23,11.200000000000001
"Khulna-9203, Bangladesh",20,7,4,113,51.1
London,6,13,9,47,24.0
"Pune, Maharastra",6,34,2,68,32.400000000000006
Bengaluru,18,2,6,125,55.6
Delhi,18,2,6,13,10.8
"Fulda,Germany",2,1,1,7,3.6000000000000005
"New York City, NY",0,3,1,46,19.000000000000004
"Porto Alegre, Brazil",1,3,0,4,2.1
"Brasília,DF,Brazil",0,0,1,46,18.700000000000003
"Cairo, Egypt",0,0,1,3,1.5000000000000002
"Mumbai, India",1,1,6,27,12.9
"Connecticut, USA",0,0,1,24,9.900000000000002
USA,0,0,2,4,2.2
Kingston,6,6,5,76,33.7
"Plot No. 7 Sector 24, Near Purkhoti Muktangan, Atal Nagar, Chhattisgarh 493661",0,1,4,18,8.5
"Chennai, India",2,5,45,270,122.4
Pune,0,7,0,0,0.7000000000000001
"New Delhi,India",1,1,7,12,7.200000000000001
Izmir / Turkey,2,1,0,127,51.300000000000004
"Dallas, Texas",0,0,3,0,0.8999999999999999
"Milpitas, California",1,0,0,8,3.4000000000000004
Kingston,6,6,5,76,33.7
"Plot No. 7 Sector 24, Near Purkhoti Muktangan, Atal Nagar, Chhattisgarh 493661",0,1,4,18,8.5
"Chennai, India",2,5,45,270,122.4
Greece,2,2,1,33,14.100000000000001
"Dhaka,Bangladesh",27,42,61,299,147.5
"Türkheim, Germany",14,5,16,831,340.50000000000006
Hyderabad,0,1,2,152,61.50000000000001
Bangalore,1,1,1,29,12.200000000000001
"Dhaka, Bangladesh",0,3,1,51,21.000000000000004
"Bali, Indonesia",25,14,34,134,70.2
"Boston, MA",2,2,0,35,14.6
India,15,28,75,982,421.1
Kolkata,0,1,2,52,21.5
"Mexico City, Mexico",0,1,2,121,49.10000000000001
LUDHIANA PUNJAB,5,39,30,21,22.3
Noida,5,4,3,182,75.1
Delhi,0,0,2,76,31.000000000000004
Ottawa,2,3,0,248,99.9
Vellore,0,0,36,282,123.60000000000001
India,6,1,0,69,28.900000000000002
denton texas,6,1,0,26,11.700000000000001
Kolhapur,6,1,0,86,35.699999999999996
İzmir Turkey,2,2,1,6,3.3000000000000007
"Tucson, Arizona",10,15,5,197,83.80000000000001
Bay Area,5,5,6,522,212.10000000000002
Pittsburgh,0,1,2,59,24.3
"Cairo, Egypt",5,11,20,86,42.5
"Mathura, India",5,9,13,76,36.2
"Medellin, Colombia",1,1,0,236,94.7
India,0,0,1,67,27.1
"Mumbai, India",0,3,33,26,20.6
Japan,1,0,0,36,14.6
Singapore,1,1,0,18,7.5
"Macomb, Illinois",1,1,0,11,4.7
Chandigarh,2,45,0,40,20.9
Delhi,1,6,3,12,6.500000000000001
Pune,1,15,5,22,12.0
Germany,1,18,9,36,19.1
"Mumbai, India",3,0,8,134,56.6
"Kolkata,India",14,20,39,187,91.3
"Chicago, IL",3,226,7,154,86.9
Faridabad,3,226,7,25,35.300000000000004
Saudi Arabia,0,1,0,23,9.3
"Bangalore, India",1,1,13,175,74.2
vit vellore,18,13,18,597,249.10000000000002
Modinagar,2,0,3,125,51.3
"San Jose, California",1,0,0,14,5.800000000000001
"Grand Rapids, Michigan",1,0,1,28,11.700000000000001
Dallas,0,3,14,53,25.700000000000003
India,0,0,5,235,95.5
New Delhi,0,0,4,30,13.2
Pune,0,0,4,12,6.000000000000001
Bangalore,2,1,0,7,3.3000000000000003
Islamabad,5,13,2,92,39.7
Ahmedabad,1,2,10,72,32.2
"Bengaluru,Karnataka",1,2,10,10,7.4
"Delhi,India",0,5,4,54,23.3
Groningen (The Netherlands),20,7,4,277,116.70000000000002
Lagos,1,1,4,714,287.1
Chennai,9,13,3,72,32.8
Singapore,2,0,0,295,118.4
New Delhi,0,5,1,33,14.000000000000002
India ,2,9,31,367,157.4
"Nagpur, Maharashtra",2,1,9,445,181.2
Trabzon,3,6,4,78,33.6
Ciudad de México,17,12,3,67,32.3
Pakistan,29,5,0,93,43.5
"Lagos, Nigeria",7,2,1,499,201.50000000000003
Pratapgarh Uttar Pradesh,0,0,1,25,10.3
Chennai,1,0,0,81,32.6
Pune,2,5,0,35,14.9
"Kanpur,India",9,4,27,1056,432.70000000000005
Pune,3,4,2,33,14.8
"Houston, TX",0,1,16,64,30.5
Pune,1,1,0,53,21.500000000000004
"Ballari,Karnataka",7,19,10,12,11.100000000000001
Bengaluru,0,6,4,37,16.6
New Delhi,0,6,4,230,93.8
"Seoul, South Korea",22,28,19,545,230.9
visakhapatnam,3,2,0,41,17.200000000000003
Minneapolis,2,2,2,166,67.60000000000001
Istanbul,5,17,49,183,90.6
Munich,0,0,1,94,37.9
Pakistan,0,0,3,12,5.700000000000001
Pune,0,0,9,23,11.9
Medellin - Colombia,1,2,6,33,15.4
"Minas Gerais, Brasil",1,2,6,48,21.400000000000002
Bogota,0,0,7,29,13.700000000000001
Sylhet,1,8,8,141,59.800000000000004
Hyderabad,1,8,8,62,28.2
Greater Noida,2,2,0,33,13.8
"Brunswick, Melbourne",2,2,0,25,10.6
01101001011100100110000101101110 ,1,37,14,440,184.1
"Satara, Maharashtra",0,0,3,14,6.5
jaipur,0,0,5,56,23.900000000000002
"Muzaffanagar, India",0,0,5,45,19.5
"Bebek,Istanbul",0,0,1,11,4.7
"New York, NY",2,9,0,98,40.5
"Pune,Maharashtra,India",0,1,0,132,52.900000000000006
kolkata,7,22,3,426,174.9
Ahmedabad,0,0,8,17,9.200000000000001
"Dublin, Ireland",3,5,0,53,22.300000000000004
India,1,1,3,102,42.00000000000001
Berlin,2,7,3,12,6.800000000000001
"Los Angeles, CA",5,5,4,399,162.3
Colorado,3,19,14,104,48.300000000000004
"San Miguel de Tucuman, Tucuman, Argentina",2,8,25,767,315.5
São Paulo,0,0,2,31,13.0
London,1,2,0,10,4.4
Kilimanjaro,1,4,0,5,2.6
Kolkata,1,4,0,28,11.8
Toronto,0,1,0,19,7.7
"Vijayawada,India",18,5,34,806,336.70000000000005
"Seattle, Washington",2,29,22,140,65.9
"Lagos, Nigeria",2,0,1,5,2.7
Salem,2,0,1,7,3.5
"Kula Lumpur, Malaysia",2,10,6,89,38.800000000000004
Beijing,0,3,0,79,31.900000000000002
sector 35 b chandighar,7,6,45,77,46.3
Kolkata,3,5,1,220,89.4
Bangalore,1,0,1,50,20.5
"San Francisco, CA",0,0,5,18,8.7
Cincinnati,1,2,0,74,30.0
"DELHI, INDIA",0,0,1,30,12.3
"Charlottesville,VA",0,0,10,68,30.200000000000003
"Ilorin, Kwara State",7,2,25,150,69.1
new delhi,6,64,69,259,131.9
"Raipur, India",2,11,10,45,22.5
Pune,1,16,1,105,44.1
beijing,4,31,26,5,13.7
Bangalore,12,60,18,202,94.60000000000001
"Kingston, ON Canada",2,11,14,0,5.7
Baierbrunn / Germany,2,11,14,23,14.900000000000002
Bangalore,3,24,37,23,23.3
"Lima, Perú",1,2,0,7,3.2
"Fredericton, NB Canada",1,2,0,0,0.4
Singapore,12,0,51,28,28.9
"Swansea, Wales, United Kingdom",14,2,35,1556,635.9000000000001
Washington,3,2,2,2,2.2
"Buffalo, NY",2,3,0,0,0.7000000000000001
London,26,25,9,2,11.200000000000001
glasgow,10,16,11,63,32.1
Los Angeles,10,16,11,0,6.9
"Cambridge, MA",1,1,4,13,6.7
"Boston, MA",39,19,97,323,168.0
"Bethpage, NY",1,2,1,78,31.900000000000002
Charlotte ,2,33,0,0,3.7
Bengaluru,23,0,5,375,156.1
"Shenzhen, Guangdong, China",11,0,57,401,179.7
New Delhi,5,24,9,2,6.8999999999999995
"New Delhi,India",19,26,5,3,9.100000000000001
Hyderabad,41,38,61,495,228.3
KITALE,2,7,38,36,26.9
"Ann Arbor, MI",2,0,0,0,0.4
AK>OR>FRANCE>NY>OR>WA,2,2,4,1,2.2
"Earth, North America, U.S., Southwest, New Mexico, Albuquerque ",19,28,36,2,18.2
Goa,4,5,26,12,13.9
"Eagan,Minnesota-55123",4,5,26,0,9.1
Germany,2,2,1,27,11.700000000000001
India,0,0,1,13,5.5
"Portland, Oregon",18,26,93,198,113.30000000000001
"Shreveport, Louisiana",4,1,3,2,2.5999999999999996
Hyderabad ,11,1,1,0,2.6
bangalore,11,1,1,1,3.0
"San Francisco, CA",2,4,0,0,0.8
fuzhou,17,10,47,0,18.5
India,1,7,0,0,0.9000000000000001
"San Luis Potosi, Mexico",10,0,15,62,31.3
Madrid,20,1,17,796,327.6
Palestine - gaza,12,15,38,19,22.900000000000002
Mumbai,46,6,21,212,100.9
Chittagong,46,6,21,0,16.1
Ghaziabad,4,1,16,92,42.50000000000001
"Indore, MP, India",7,7,14,6,8.700000000000001
Ahmedabad,0,1,0,0,0.1
"Sarajevo, Bosnia and Herzegovina",1,0,6,64,27.6
São Paulo,50,4,0,7,13.200000000000001
Mexico City,1,1,0,0,0.30000000000000004
"Riyadh, KSA",1,1,0,0,0.30000000000000004
United States ,8,12,18,132,61.0
Nigeria,9,8,28,1392,567.8000000000001
"Bengaluru, India",15,10,8,13,11.600000000000001
"Leicester, UK",2,0,0,2,1.2000000000000002
New York,1,2,4,14,7.200000000000001
Lisboa,7,17,4,35,18.3
"Dhaka, Bangladesh ",0,1,0,285,114.1
Hong Kong,1,2,69,8,24.299999999999997
Salt Lake City,3,0,10,31,16.0
"Jahangirnagar University, Dhaka, Bangladesh",1,11,0,35,15.3
"Oxford, UK",44,4,7,25,21.3
Hyderabad,0,1,0,10,4.1
London,30,0,7,80,40.1
Sydney,1,0,0,5,2.2
"Providence, RI",9,12,188,96,97.80000000000001
"New York City, USA",4,0,0,3,2.0
India,8,51,31,109,59.6
"Belfast, United Kingdom",1,0,3,0,1.0999999999999999
"Porto, Portugal",11,1,2,59,26.5
London,30,0,7,80,40.1
Sydney,1,0,0,5,2.2
"Irvine, CA",8,87,5,1,12.200000000000001
"Jakarta, Indonesia",387,13,24,454,267.5
"Tokyo, Japan",1,2,4,0,1.6
India,6,51,116,199,120.7
Mumbai,17,74,54,8,30.2
"Boston, United States",1,0,0,44,17.8
Singapore,3,7,3,37,17.0
France,3,0,0,0,0.6000000000000001
"Dhaka,Bangladesh",3,0,0,0,0.6000000000000001
"Wrocław, Poland",9,3,3,585,237.0
Germany,4,4,7,5,5.300000000000001
"Austin, TX",6,11,9,877,355.8
Bangalore,2,2,0,0,0.6000000000000001
Pune,2,1,27,306,131.0
Washington DC,0,1,0,22,8.9
"Central Luzon, Philippines",0,1,0,0,0.1
Porto,0,1,3,0,0.9999999999999999
United States,3,4,0,211,85.4
Washington DC,33,54,109,36,59.099999999999994
"Peterborough, UK",33,54,109,0,44.699999999999996
Lyon,2,4,19,12,11.3
Japan,15,21,11,329,140.0
Singapore,12,16,241,1576,706.7
Kenya,8,4,8,335,138.4
Berlin,1,0,5,38,16.900000000000002
"Bangalore,Karnataka",16,0,3,139,59.7
India,0,0,6,20,9.8
"Bhubaneswar, India",6,0,0,0,1.2000000000000002
"Nancy, France",52,47,693,100,263.0
"Brisbane, Australia",1,0,0,10,4.2
"Hawthorne, CA",5,6,49,2538,1031.5
Coimbatore,1,0,0,0,0.2
"Nagpur ,India",0,1,0,7,2.9000000000000004
UK,0,0,1,38,15.500000000000002
Dublin,4,8,10,126,55.00000000000001
San Jose,6,7,1,29,13.8
"Purok 25 Zone 10, Curvada, Ma. Cristina, Iligan City",0,1,0,46,18.500000000000004
Bangalore,0,5,0,8,3.7
Bangalore,19,42,12,157,74.4
Aalborg,19,42,12,0,11.6
Visakhapatnam,0,0,39,306,134.1
"Dhaka, Bangladesh",3,9,5,502,203.8
"Dhaka, Bangladesh",18,37,13,105,53.2
INDIA,4,20,1,57,25.9
"Santa Clara, CA",14,25,23,93,49.400000000000006
"Bangalore, India",6,3,76,1,24.7
Delhi,2,1,1,23,10.000000000000002
"Dehradun, Uttarakhand, INDIA",3,6,5,79,34.300000000000004
Knoxville,0,6,17,39,21.3
Bangalore,1,14,1,37,16.7
"Hyderabad, Telangana",1,14,1,0,1.9000000000000001
"Bongard Center, Tauranga",4,0,0,1,1.2000000000000002
Bangalore,0,0,11,32,16.1
Pune,3,5,4,76,32.7
"Hyderabad, India",2,37,9,202,87.60000000000001
Berlin,2,0,0,5,2.4
Brazil,3,1,0,0,0.7000000000000001
Gurugram,0,0,4,29,12.8
"Accra, Ghana ",7,9,4,806,325.90000000000003
Poland,8,0,29,1021,418.70000000000005
"Querétaro, MEX",1,0,2,37,15.600000000000001
"Lima, Perú",55,35,255,133,144.2
Canada,2,6,0,44,18.6
Russia,6,5,4,24,12.500000000000002
New York City,3,2,2,154,63.0
Belgaum,2,4,4,35,16.0
London,3,4,10,3,5.2
London,1,1,0,63,25.500000000000004
"Pune,India",1,0,0,69,27.8
Bangalore,1,0,0,19,7.800000000000001
Taiwan,2,5,1,40,17.2
Bangalore,1,0,4,36,15.8
"Panjab University, Chandigarh",3,4,0,1,1.4
San Francisco,1,0,0,0,0.2
Berlin,1,4,36,394,169.00000000000003
"CLOVIS, CA",0,0,7,71,30.500000000000004
Taiwan,2,5,1,40,17.2
Bangalore,1,0,4,36,15.8
New York,1,0,0,320,128.2
"Wales, UK",824,2,57,2535,1196.1
Karachi Pakistan,6,4,1,436,176.3
New York,6,4,1,4,3.5
Ghana,0,2,12,75,33.8
"Milan, Italy",0,2,12,236,98.2
"Akwa Ibom, Nigeria",30,34,24,308,139.8
Basque Country,1,0,1,116,46.900000000000006
Bangalore,1,0,1,17,7.300000000000001
"Ranchi,India",6,12,17,156,69.9
Bangladesh,1,2,1,65,26.7
"Kathmandu, Nepal",3,6,0,201,81.60000000000001
"Vellore, Tamil Nadu",10,15,18,261,113.30000000000001
"Nairobi,Kenya",22,31,26,198,94.5
"Auckland, New Zealand",2,1,0,64,26.1
nanded,32,46,38,438,197.60000000000002
Canada,32,46,38,20,30.4
delhi,32,46,38,27,33.2
"Denver, CO",32,46,38,25,32.4
South Korea,5,24,67,350,163.5
San Francisco,5,24,67,105,65.5
"San Francisco, CA",0,7,25,77,39.0
"Delhi , India",1,8,26,24,18.400000000000002
Joypurhat,1,8,26,28,20.0
Canada,1,6,18,74,35.8
"Banglore,India",0,11,17,189,81.80000000000001
London,2,12,73,143,80.7
"Bangalore, India",1,18,0,35,16.0
"Pune, India",1,18,0,128,53.2
"Charlotte, NC",1,1,1,46,19.000000000000004
Gurgaon,5,1,0,18,8.3
"Delhi, India",5,1,0,31,13.5
Pune,1,1,0,18,7.5
India,0,0,1,6,2.7
India,1,1,0,43,17.5
"Chicago, IL",0,0,1,20,8.3
Indore -> Delhi,3,4,0,83,34.2
New York,3,4,0,12,5.800000000000001
"Salem, Tamilnadu, India",2,3,0,23,9.9
Vellore Institute Of Technology,2,2,1,75,30.9
India,0,0,1,67,27.1
Austin,8,5,6,1386,558.3
"Austin, TX",3,1,2,7,4.1000000000000005
Rio de Janeiro,0,4,5,94,39.5
"Houston, Texas",76,0,20,267,128.0
"Chittagong,Bangladesh",4,0,5,63,27.500000000000004
"Kolkata, India",15,11,62,487,217.5
"26.1445° N, 91.7362° E",6,46,32,236,109.80000000000001
Bengaluru,29,39,78,341,169.5
MUMBAI,29,39,78,5,35.1
"Hyderabad, India",29,39,78,11,37.5
New Delhi,1,2,4,82,34.400000000000006
Delhi,0,1,20,56,28.5
Costa Rica,2,1,13,1113,449.6
Srinagar,0,0,1,34,13.900000000000002
"Bihar, India",2,4,26,388,163.8
Monterrey,12,25,9,246,106.0
San Francisco,12,25,9,8,10.8
"Dhaka ,Bangladesh",3,0,4,242,98.60000000000001
Bangalore,0,0,1,32,13.100000000000001
Bangalore,4,4,2,102,42.6
Bangalore,4,4,2,20,9.8
New Delhi,5,3,12,242,101.70000000000002
"Ilorin, Kwara State",7,2,25,150,69.1
"Austin, Texas",0,2,0,11,4.6000000000000005
Bangalore,4,21,7,118,52.2
Sri Lanka,176,0,94,90,99.4
India,1,1,4,25,11.5
Brazil,4,3,26,200,88.9
Faridabad,1,12,1,115,47.7
jaipur,2,0,1,241,97.10000000000001
"Houston, TX",8,26,3,721,293.50000000000006
Erlangen,10,15,12,807,329.90000000000003
India,9,13,93,1523,640.2
"Khulna, Bangladesh",1,0,0,25,10.2
EGYPT,13,9,9,52,27.0
Gurugram,0,1,0,115,46.1
Mumbai.Maharashtra,0,0,1,24,9.900000000000002
"Roorkee, Uttarakhand",1,1,3,55,23.2
Tuticorin,4,8,31,474,200.50000000000003
New Delhi,2,26,48,91,53.8
Seoul Korea,2,12,24,418,176.00000000000003
"Nagpur , Maharashtra",7,7,1,172,71.2
Poland,1,1,0,80,32.3
"New York, NY",5,9,0,124,51.5
Aligarh,10,22,44,204,99.0
"Kolkata, West Bengal, India",2,2,13,129,56.1
Hyderabad,0,1,0,111,44.50000000000001
"Niterói, RJ",0,0,1,58,23.500000000000004
"Cracow, Poland",1,1,2,35,14.9
Odisha,6,8,12,517,212.4
"São Paulo, Brasil",6,3,2,70,30.1
"New Delhi, India",6,3,2,39,17.700000000000003
kakinada,2,2,2,30,13.2
Visakhapatnam,2,2,2,56,23.6
"Waterloo, Ontario, Canada",17,13,71,71,54.400000000000006
PUNE,2,6,24,148,67.4
Colima Mexico,7,5,7,93,41.2
"Seattle, WA",12,16,4,19,12.8
Bengaluru,0,3,0,46,18.700000000000003
"Botucatu, SP, Brazil",0,7,1,62,25.8
Nilai,0,7,1,3,2.2
Lisbon,35,64,69,330,166.1
B.Tech Final Year Student,1,5,0,41,17.1
Saudi Arabia,1,5,0,11,5.1000000000000005
Malang,1,0,0,35,14.2
Malang,1,0,0,35,14.2
"São Paulo, Brazil",1,0,0,222,89.00000000000001
Nellore,1,0,0,3,1.4000000000000001
"Vidisha, Madhya Pradesh",1,2,2,39,16.6
"Vista, Ca",1,2,2,50,21.0
egypit,1,2,2,18,8.2
India,0,3,0,33,13.500000000000002
"Dhaka, Bangladesh",8,0,0,44,19.200000000000003
Bangalore,2,3,0,24,10.3
"Bogor, Indonesia",2,1,0,19,8.100000000000001
Mumbai,1,3,1,50,20.8
"Jeddah, SA",9,4,3,3,4.300000000000001
Bengaluru,0,0,5,46,19.900000000000002
London,3,5,9,279,115.4
Tuticorin,4,8,31,471,199.3
"Sunrise, FL",1,1,6,366,148.5
Hyderabad,1,1,6,3,3.3
Hyderabad,4,0,1,19,8.700000000000001
Russas,13,11,11,196,85.4
Madrid,80,10,33,45,44.9
Hamburg/ Germany ,1,1,1,13,5.800000000000001
"Bhaktapur,Nepal",1,5,4,4,3.5
"Boston, Massachusetts",14,12,19,0,9.7
Madrid,19,45,878,15,277.7
"Chicago, IL",4,5,9,7,6.800000000000001
Stanford,1,0,0,0,0.2
"Columbus, Ohio",1,1,4,16,7.9
"Warsaw, Poland",6,3,9,112,49.00000000000001
"Clemson, SC",3,5,12,1,5.1
Gainesville,1,0,0,8,3.4000000000000004
Colombo - Sri Lanka,7,19,109,57,58.8
Saaaaan Francisco San Francisco San Francisco,7,19,109,0,35.99999999999999
Istanbul / TURKEY,0,0,1,20,8.3
delhi,0,0,1,2,1.1
São Paulo - Brasil,0,0,1,0,0.3
Singapore,1,0,11,0,3.5
India,0,0,2,0,0.6
Mumbai,0,4,6,8,5.4
"Missoula, MT",0,4,6,0,2.1999999999999997
"Huntington Beach, CA",96,38,153,1253,570.1
"4913 Rufe Snow Dr, Ste 101A North Richland HIlls, TX 76180",96,38,153,0,68.9
Utah,15,8,95,47,51.099999999999994
New York,1,8,0,2,1.8
"Vadodara, India",3,5,10,1296,522.5
India,7,8,21,86,42.9
India,0,0,2,0,0.6
Ireland,0,0,2,0,0.6
India,13,12,6,917,372.40000000000003
Spain,0,0,1,5,2.3
"Seattle, WA",10,4,10,217,92.20000000000002
AK>OR>FRANCE>NY>OR>WA,2,2,4,1,2.2
Nagpur,12,8,2,17,10.600000000000001
italy,4,2,10,0,4.0
India,0,0,2,0,0.6
New Delhi,1,0,2,0,0.8
"Seattle, WA",95,7,73,189,117.2
Bangalore,95,7,73,0,41.599999999999994
Berlin,12,8,569,0,173.89999999999998
Switzerland,1,0,0,7,3.0000000000000004
"Seattle, WA",60,62,507,36,184.7
"Leeds, West Riding, UK",29,0,4,1073,436.20000000000005
istanbul,7,9,25,49,29.400000000000002
127.0.0.1,25,296,2000,478,825.8000000000001
Tromsø,2,3,6,210,86.5
China,0,9,48,3,16.5
"Chicago, IL",3,11,31,10,15.0
"Chennai, Tamilnadu, India",10,76,0,12,14.400000000000002
New Jersey,0,1,0,0,0.1
India,39,73,22,79,53.300000000000004
London,1,6,1,104,42.7
mumbai,1,6,1,0,1.1
Germany,5,0,2,56,24.000000000000004
"Cairo,Alexandria",9,91,42,1,23.9
"Pune , Maharastra",4,9,18,0,7.1
Berlin,33,63,58,488,225.50000000000003
Hong kong,33,63,58,3,31.5
"Athens, Greece",33,63,58,17,37.1
"Copenhagen, Denmark",11,55,326,1052,526.3
"New York, NY",1,0,1,0,0.5
"Wales, UK",824,2,57,2534,1195.7
"Los Angeles, California",2,2,1,11,5.300000000000001
"Boston, United States",1,18,1,0,2.3
"Los Angeles, CA",2,1,0,11,4.9
"madison, wi, us",0,2,4,0,1.4
"Delhi, India",27,81,46,126,77.7
"Fullerton, CA, USA",2,0,1,10,4.7
"Orlando, FL, USA",8,5,7,1,4.6000000000000005
"Berkhamsted, United Kingdom",8,5,7,2,5.0
India,0,0,2,0,0.6
Pittsburgh,0,0,2,0,0.6
"New Delhi, India",2,1,0,8,3.7
"New Delhi, India",2,2,2,11,5.6000000000000005
"Cambridge, United Kingdom",2,2,2,1,1.6
india,0,1,0,0,0.1
İstanbul,0,1,0,0,0.1
Mumbai,17,74,54,8,30.2
Tijuana B.C mexico,10,8,18,152,69.0
"New York, NY",5,0,6,318,130.0
Fairfield CT,4,2,1,19,8.9
"Nairobi, Kenya",35,25,69,347,169.0
Washington DC,2,1,0,3,1.7000000000000002
"Pune, India",25,109,1200,0,375.9
Kenya,111,63,82,40,69.1
"Razole ,East Godavari, Andhra Pradesh",111,63,82,189,128.70000000000002
China,6,12,59,1362,564.9000000000001
Bangalore,3,1,0,2,1.5
Munich,3,1,0,1,1.1
"Taunggyi, Myanmar",16,2,74,165,91.6
Noida,4,8,16,185,80.4
Germany,2,0,0,181,72.80000000000001
"Mumbai, India",3,5,1,0,1.4000000000000001
Dhanbad,12,28,23,109,55.7
USA,4,4,6,3,4.2
India,1,2,0,0,0.4
"Montreal, QC",2,0,0,0,0.4
Boston,2,0,0,0,0.4
"30 Finderne Ave, Bridgewater, NJ 08807",0,0,5,70,29.5
Bangalore,0,3,1,3,1.8000000000000003
"Peru, Lima",24,36,57,261,129.9
"Austin, TX",10,7,8,476,195.5
Gurgaon,20,37,14,42,28.700000000000003
"Nagpur ,India",0,1,0,7,2.9000000000000004
Dhaka,1,3,11,78,35.0
"Purwokerto, Indonesia",9,14,43,231,108.5
Pakistan,145,4,32,754,340.6
Brazil,8,7,44,23,24.700000000000003
London. United Kindom,8,7,44,28,26.700000000000003
Chennai,6,14,4,49,23.400000000000002
"New Delhi, India",2,0,22,226,97.4
Pune,0,2,2,17,7.6000000000000005
"London, United Kingdom",0,2,2,0,0.8
Australia,3,3,1,0,1.2000000000000002
Boston,0,1,0,17,6.9
seoul,1,0,10,75,33.2
Bangalore,1,0,10,17,10.0
"Bergen, Norway",35,61,295,24,111.19999999999999
"Canada, Edmonton,AB",1,6,15,13,10.5
"Rio Grande do Sul, Brazil",1,6,15,33,18.5
"Boston, MA",1,0,2,193,78.0
"Denver, CO",7,1,3,605,244.4
Bangalore,2,7,2,47,20.5
Bangalore,2,7,2,0,1.7000000000000002
"Chennai,India.",19,4,8,91,43.0
"Boston, MA",2,0,0,22,9.200000000000001
salem,1,42,0,9,8.0
"Bangalore, India",4,0,14,67,31.8
"Gwalior, M.P. (India)",2,5,0,54,22.5
"Mérida, México",2,5,0,10,4.9
Gliwice,8,11,0,32,15.5
Bengaluru,0,4,0,152,61.2
"Lagos, Nigeria",15,19,2,426,175.9
"Ottawa, Canada",15,19,2,4,7.1
"Pudong District, Shanghai, China",1,0,0,2,1.0
"Saudi Arabia, Hail ",2,4,0,6,3.2
"Nairobi, Kenya",2,1,1,62,25.6
"San Francisco, California",0,5,4,47,20.5
"Wroclaw, Poland",2,5,13,135,58.8
Oslo,0,6,4,15,7.8
"Milan,Italy",14,4,28,101,52.00000000000001
"London, UK",1,0,0,2,1.0
Poland Częstochowa,1,0,0,73,29.400000000000002
"Indianapolis, Indiana, United States of America",1,0,0,0,0.2
"Ukraine, Lviv",13,14,0,260,108.0
"Indianapolis,USA",3,1,0,0,0.7000000000000001
"Berlin, Germany",4,56,461,6,147.1
Oslo,0,6,4,15,7.8
"Bratislava, Slovakia",7,10,16,1021,415.6
United States,4,18,7,161,69.10000000000001
Hyderabad,1,10,4,88,37.6
"Montevideo, Uruguay",0,0,1,7,3.1
Morocco,0,2,0,22,9.0
Bengaluru,21,14,1,228,97.10000000000001
India,10,4,0,55,24.4
Paris,10,4,0,22,11.200000000000001
India,1,3,0,57,23.3
"Lynwood, Washington",7,9,7,10,8.4
"Ohio, United States",1,1,1,9,4.2
Mumbai,2,3,9,371,151.8
Hyderabad,4,14,0,57,25.0
Denmark,0,1,1,132,53.2
India,4,17,2,637,257.90000000000003
"Electronic City, Phase-2, Bengaluru",2,6,1,31,13.700000000000001
Bangalore,1,20,0,48,21.400000000000002
New Delhi,5,20,0,264,108.60000000000001
Kurunegala,7,7,1,9,6.0
"Sydney, Australia",0,2,0,59,23.8
India,0,2,0,113,45.400000000000006
Norway,0,0,31,57,32.1
India,0,2,4,59,25.0
Bangalore,0,7,5,20,10.2
"Atlanta, GA",0,1,0,89,35.7
Dehradun,3,2,0,167,67.6
"Boston, USA",0,1,0,6,2.5000000000000004
"San Francisco, CA",0,2,0,77,31.0
"Haryana,India",82,82,219,856,432.70000000000005
Dallas,4,15,8,116,51.10000000000001
"San Francisco, United States",30,2,68,617,273.40000000000003
São Paulo - Brasil,8,44,5,105,49.5
Aligarh,8,44,5,23,16.700000000000003
Lucknow,3,15,30,49,30.700000000000003
"Dhalamsala, India",1,10,3,59,25.700000000000003
Hyderabad,0,2,1,28,11.700000000000001
Los Angeles,0,0,1,68,27.500000000000004
Pune,0,16,0,124,51.2
"Bhubhaneswar, India",23,12,46,214,105.20000000000002
"HO, Tx.",1,1,0,81,32.699999999999996
Mumbai,11,25,84,619,277.5
"Surat,Gujarat,India",0,3,17,97,44.2
"Tiruppur, india",2,13,1,133,55.2
Fortaleza - CE,1,7,0,21,9.3
India,1,7,0,168,68.10000000000001
India,1,7,0,5,2.9000000000000004
new delhi,8,16,9,289,121.50000000000001
Denmark,4,6,3,140,58.3
Mumbai,1,2,0,114,46.0
Pune,1,2,0,227,91.20000000000002
Singapore,0,0,7,123,51.300000000000004
Hyderabad,0,1,1,51,20.8
Greece,2,3,0,2,1.5
"Eugene, OR",5,5,14,16,12.100000000000001
London,5,5,14,5,7.7
Kupwara kashmir,3,49,8,233,101.10000000000001
Kolkata,6,5,8,318,131.3
Bangalore,3,0,9,263,108.5
jaipur,3,0,9,27,14.100000000000001
Mumbai-India,3,0,9,47,22.1
"Karachi, Pakistan",19,123,0,41,32.5
Toronto ,4,5,0,62,26.1
Malaysia,0,1,2,89,36.300000000000004
Pune,22,4,0,69,32.400000000000006
Hyderabad,2,0,2,199,80.60000000000001
Netherland,26,17,17,118,59.2
Minneapolis,2,2,2,166,67.60000000000001
Dubai,1,19,51,391,173.8
United Kingdom,32,13,10,159,74.3
Pune,1,3,1,81,33.199999999999996
Mumbai,1,1,12,26,14.3
"Pune,India",1,1,12,17,10.7
Kolkata,2,3,7,64,28.400000000000002
Piscataway NJ,8,12,20,667,275.6
Malaysia,0,0,3,46,19.3
"Nagpur, Maharashtra, India",1,2,0,35,14.4
Hyderabad,2,0,2,199,80.60000000000001
Delhi,0,1,0,131,52.50000000000001
"Kathmandu, Nepal",1,1,0,5,2.3
Bengaluru,5,18,104,160,98.0
Greater Noida,5,18,104,89,69.6
Jakarta - Indonesia,0,1,0,24,9.700000000000001
"Vail, CO",0,1,0,87,34.900000000000006
Hungary,1,1,5,4,3.4000000000000004
INDIA,0,1,1,39,16.0
Mumbai,13,71,168,490,256.1
Hyderabad,2,0,0,85,34.4
B.Tech Final Year Student,1,6,0,67,27.6
Oakland,1,6,0,85,34.8
"Aalborg, Denmark",2,3,0,79,32.300000000000004
Hyderabad,2,3,0,15,6.7
India,9,16,40,383,168.60000000000002
New Delhi,0,0,4,41,17.6
Pune,0,0,4,399,160.8
Bangalore,1,5,1,79,32.6
Yogyakarta,6,8,1,38,17.5
"Kolkata , West Bengal",5,3,2,57,24.7
"Jaipur, Rajasthan, India",2,1,4,134,55.300000000000004
India,14,23,748,321,357.9
Beijing,0,3,0,79,31.900000000000002
New Delhi,0,13,2,32,14.700000000000001
"Los Angeles, CA",0,13,2,100,41.9
"California, USA",7,14,37,196,92.30000000000001
"Chennai,India",3,14,1,55,24.3
Pakistan,29,5,0,93,43.5
India,2,14,0,53,23.000000000000004
Chennai/Dublin,24,3,37,833,349.40000000000003
"Austin, Texas USA",1,0,0,0,0.2
"Lisbon, Portugal",8,10,5,0,4.1
United Kingdom,1,0,0,0,0.2
India,0,0,24,0,7.199999999999999
"Great Rift Valley, Kenya",49,63,118,104,93.1
"NC, USA",1,0,2,0,0.8
"Cuiabá, MT",27,13,4,74,37.5
Karachi,67,546,567,5,240.1
DELHI,1,0,0,22,9.0
israel,5,19,41,1,15.6
"San Francisco, CA",7,1,2,5,4.1
India,4,2,1,5,3.3
"Seattle, WA",18,15,43,555,240.0
California,18,15,43,0,18.0
Ottawa / Cairo,3,6,15,443,182.9
Delhi,5,7,0,542,218.5
"Tampa, Florida",5,7,0,0,1.7000000000000002
Chile,19,4,38,18,22.8
Heidelberg,0,2,2,0,0.8
Illinois,5,14,5,0,3.9000000000000004
Mexico,215,8,9,553,267.70000000000005
Dallas,215,8,9,0,46.5
"Philadelphia, PA",215,8,9,0,46.5
"chennai,TN,India",3,5,3,10,6.0
"Stony Brook, New York",1,6,24,0,7.999999999999999
hyderabad,3,0,2,0,1.2000000000000002
Pune,0,13,1,0,1.6
China Shanghai,0,2,2,9,4.4
Delhi,12,5,28,0,11.3
"Tempe, Arizona",10,30,122,0,41.6
Racine,3,4,1,0,1.3
"Toronto, Canada",42,84,1500,496,665.2
"New York, NY",1,0,0,3,1.4000000000000001
"Jakarta, Indonesia",26,42,103,2,41.099999999999994
Bangalore India,26,42,103,0,40.3
"Seattle, WA",95,7,73,189,117.2
"Anantapur,Andhrapradesh",33,5,41,277,130.20000000000002
"New York, NY",2,16,18,17,14.2
Hyderabad,8,3,0,0,1.9000000000000001
Maringá - Paraná - BR,3,2,5,0,2.3
"Philadelphia, PA",11,16,107,18,43.1
"Dallas,Texas",2,47,24,0,12.3
Banglore,14,111,6,3,16.900000000000002
Mumbai,4,14,200,0,62.2
San Francisco Bay Area,5,13,15,23,16.0
Kyiv,2,1,0,36,14.9
"Bangalore, India",17,20,35,485,209.9
Bangalore,0,1,1,7,3.2
"Ontario, Canada",0,1,0,13,5.3
Argentina,5,13,6,348,143.3
"Southbury, CT",0,5,0,0,0.5
"Paris, France",29,6,8,15,14.8
São Paulo,0,1,0,0,0.1
"89 Bir Uttam CR Datta Road, Dhaka, 1205, Bangladesh",1,0,1,3,1.7000000000000002
Hyderabad,1,0,1,3,1.7000000000000002
NIT HAMIRPUR,8,2,4,4,4.6
Los Angeles,6,7,21,42,25.0
"Francavilla Fontana (BR), Italy",6,7,21,0,8.2
"Lagos, Nigeria",7,9,2,123,52.1
"Mesa, AZ, USA",2,2,0,2,1.4000000000000001
Delhi,1,3,1,17,7.6000000000000005
Bangalore,1,3,1,0,0.8
"Dublin, Ireland",4,4,4,1,2.8000000000000003
Ireland,1,4,0,26,11.0
Hyderabad,7,16,29,0,11.7
Bangalore,7,16,29,0,11.7
Mbarara,12,14,2,1,4.800000000000001
mumbai,12,14,2,0,4.4
New delhi,23,73,87,106,80.4
Paris,3,8,11,80,36.7
Trivandrum,4,9,4,99,42.5
"Calgary, Canada",3,3,2,15,7.5
"Dhaka,Bangladesh",62,1,19,46,36.6
"Houston, TX",62,1,19,3,19.4
"Wageningen, The Netherlands",0,3,1,158,63.800000000000004
Germany,3,4,0,0,1.0
"Lagos, Nigeria",11,18,64,78,54.400000000000006
Montreal,4,4,3,56,24.500000000000004
Dehradun,7,2,16,155,68.4
"Jaipur, Rajasthan",26,14,31,117,62.7
"Mumbai, India",1,1,0,3,1.5000000000000002
"Vienna, Austria",7,11,6,384,157.90000000000003
"Dhaka, Bangladesh",3,3,0,2,1.7000000000000002
"New York, NY",4,10,3,16,9.100000000000001
"Tokyo, Japan",4,0,3,55,23.7
"Dhaka, Bangladesh",4,0,3,0,1.7
Melbourne,1,1,1,24,10.200000000000001
Greater Noida,146,0,0,105,71.2
"Kampala, Uganda",4,1,1,334,134.79999999999998
"Kirkel-Altstadt, Germany",6,1,78,308,147.9
"Aachen, Germany",5,18,3,57,26.5
"new delhi, india",1,4,0,21,9.0
"Amman, Jordan",9,8,42,109,58.8
Houston Texas,2,0,0,24,10.000000000000002
"Nairobi,Kenya",56,49,10,193,96.30000000000001
"Zhytomyr, Ukraine",0,1,4,167,68.1
"Zhytomyr, Ukraine",0,1,4,167,68.1
"Washington, DC",1,0,6,18,9.2
Delhi,16,15,10,210,91.7
"Sarpsborg, Norway",0,1,1,8,3.6
Philippines,7,10,1,1,3.1
Mumbai,2,0,0,25,10.4
NEW DELHI,15,13,56,344,158.7
Singapore,3,4,26,32,21.6
"Nairobi ,Kenya",1,1,1,4,2.2
"Dhaka, Bangladesh",0,1,0,26,10.5
Neiva - Huila,1,1,1,273,109.8
"Detroit, USA",5,2,0,7,4.0
"Sari, Iran",0,14,7,4,5.1
Russia,3,9,1,105,43.8
India,0,1,8,192,79.30000000000001
Houston,7,12,3,161,67.9
"Palo Alto, California",7,12,3,3,4.700000000000001
"London, UK ",0,6,0,61,25.000000000000004
New York,10,14,15,184,81.50000000000001
USA,3,9,22,90,44.1
"hyderabad,india",1,1,2,7,3.7
"Nairobi, Kenya",16,25,11,263,114.2
Belém - Pará - Brazil,9,3,35,122,61.400000000000006
Casablanca,0,0,1,6,2.7
Thessaloniki,1,1,0,117,47.1
Chicago,13,29,77,253,129.8
Hyderabad,2,5,24,39,23.700000000000003
Kraków,12,8,4,596,242.8
"Haryana, India",7,5,5,45,21.4
NY,0,1,0,4,1.7000000000000002
"São Paulo, Brasil",2,4,0,1,1.2000000000000002
"Andhra pradesh,India",0,0,9,25,12.7
"Naperville, IL",10,6,16,109,51.0
Kathmandu,30,38,461,114,193.7
Bangalore,30,38,461,19,155.7
NY,0,1,0,4,1.7000000000000002
Banglore India,1,0,0,36,14.6
California ,6,23,4,115,50.7
"Zurich, Switzerland",2,2,2,339,136.79999999999998
"Patiala, Punjab (India)",1,13,5,122,51.800000000000004
"Kolkata, India",4,9,78,208,108.3
India,16,3,2,98,43.300000000000004
Mumbai,1,4,0,23,9.8
"Huntsville, AL",1,4,0,2,1.4000000000000001
"Lynwood, Washington",7,9,7,10,8.4
Jodhpur,7,9,7,2,5.2
Chennai,0,0,3,62,25.7
"Sylhet,Bangladesh",52,264,18,72,71.0
"Abuja, Nigeria",5,4,1,24,11.3
India,1,3,14,92,41.50000000000001
İstanbul ,35,29,2,331,142.9
"Chennai, India",0,4,9,75,33.1
Norway,0,0,31,57,32.1
"Hammond, LA",5,8,8,286,118.60000000000001
"Brisbane, Australia",101,119,626,889,575.5
PUNE,101,119,626,26,230.29999999999998
India,0,3,0,89,35.9
Hyderabad,4,8,23,42,25.3
Manipal,4,8,23,53,29.700000000000003
"Bhubaneswar, India",11,15,8,71,34.5
"Chicago, IL, USA",1,1,0,108,43.5
New Delhi,1,14,47,104,57.3
"Washington, DC",0,0,3,7,3.7
"Kathmandu, Nepal",1,1,0,5,2.3
İstanbul,0,0,1,38,15.500000000000002
Bengaluru,0,3,16,36,19.5
"MD, USA",2,0,0,92,37.2
India,2,0,0,123,49.6
"Istanbul,Turkey",1,0,3,38,16.3
"Athens,Greece",2,0,0,112,45.2
"Pune,India",1,0,0,69,27.8
"Bangalore,Karnataka,India",4,3,11,95,42.4
India,1,1,2,489,196.50000000000003
Bangalore,22,7,19,164,76.4
HK,1,0,9,71,31.3
"Brooklyn, NY",2,2,0,119,48.2
New Delhi,5,9,5,129,55.0
"Jaipur,Rajasthan",1,5,47,178,86.0
Noida,1,1,0,34,13.900000000000002
"Leiria - Lisbon, Portugal",8,15,27,88,46.400000000000006
"MUMBAI ,INDIA",5,14,34,138,67.8
"26.1445° N, 91.7362° E",6,46,32,236,109.80000000000001
Manchester,0,4,10,68,30.6
San Francisco,0,0,3,65,26.9
Waterloo Canada,1,2,1,45,18.7
New Delhi,2,2,11,61,28.3
https://www.linkedin.com/in/anjaligarg30,2,2,11,44,21.5
"Mumbai,Maharashtra,India",0,4,0,108,43.6
Chile,1,3,0,110,44.5
"Berlin,Germany",3,19,0,65,28.5
"Wonju, Korea",3,4,0,284,114.60000000000001
"Chingford, London",1,2,1,36,15.1
"Melbourne,Australia",1,2,1,27,11.5
Hyderabad,0,0,1,126,50.7
Pune,1,2,0,68,27.6
"Chennai, Tamil Nadu",1,5,2,118,48.5
New Jersey,0,0,21,193,83.5
"Brisbane, Australia",101,119,626,889,575.5
Mumbai,0,2,2,20,8.8
Nigeria,0,1,0,20,8.1
Aurangabad,0,1,0,53,21.300000000000004
"Chittagong, Bangladesh",13,103,19,172,87.4
Bursa Turkey,5,21,24,44,27.9
Mumbai,2,2,0,25,10.6
"Frisco, TX",0,1,0,53,21.300000000000004
"warrangal,telangana",0,23,0,71,30.700000000000003
Dhaka,1,8,5,35,16.5
Rajam,0,1,0,93,37.300000000000004
Hyderabad,0,1,0,10,4.1
"Maryland, DC metro area",5,1,1,40,17.4
"Hoboken, NJ",4,7,1,82,34.6
Banglore,2,2,40,342,149.4
"Vancouver, Canada",2,2,40,41,29.0
Computer Science,3,2,8,197,82.00000000000001
Boston,3,2,8,4,4.800000000000001
PUNE,2,1,5,17,8.8
Nagercoil,2,1,5,73,31.200000000000003
Bangalore,1,1,1,44,18.200000000000003
"Chennai, TamilNadu",5,10,5,72,32.3
Mumbai,14,7,1,250,103.8
"Berkeley, CA",7,3,0,610,245.7
Goiânia,10,26,15,58,32.300000000000004
India,1,0,0,52,21.0
Dilhi NCR,0,9,7,83,36.2
Melbourne,0,9,7,76,33.400000000000006
"Waterloo, ON",2,1,0,64,26.1
IIT Kharagpur,0,0,1,43,17.5
"Ahmedabad, India",0,0,1,58,23.500000000000004
"New Delhi, India",0,0,1,9,3.9
Darbhanga,1,0,0,15,6.2
Nellore,1,0,0,3,1.4000000000000001
Egypt,1,2,0,18,7.6000000000000005
"Leipzig, Germany",7,10,0,175,72.4
"Dhaka, Bangladesh",7,10,0,4,4.0
"Pune, India",8,3,7,592,240.8
"IIIT,Guwahati",0,1,3,363,146.20000000000002
"Mbarara, Uganda",2,2,1,16,7.300000000000001
"Recife, PE - Brazil",9,0,7,20,11.9
United Kingdom,9,0,7,370,151.9
"Nairobi, Kenya",9,0,7,45,21.9
Hyderabad,1,0,0,59,23.8
India,0,0,4,79,32.800000000000004
San Diego,4,5,0,304,122.9
Egypt-Cairo,3,2,26,97,47.400000000000006
"Bengaluru,India",0,0,4,12,6.000000000000001
Dhaka,63,52,129,74,86.1
"Toronto, Canada",3,4,3,0,1.9
Cornwall,7,18,14,52,28.200000000000003
Germany,4,4,13,336,139.5
"Vancouver, BC",20,7,39,109,60.0
Tallahassee FL,0,1,0,0,0.1
Quixadá,27,12,1,8,10.100000000000001
"Pfarrkirchen, Germany",1,0,0,0,0.2
India,17,0,0,15,9.4
"Bangalore, India",23,7,12,5,10.9
Cluj-Napoca,5,1,9,27,14.600000000000001
Texas,6,8,12,0,5.6
Hyderabad,2,3,3,38,16.8
Singapore,69,15,90,12,47.099999999999994
Seattle,3,1,1,0,1.0
"Budapest, Hungary",3,1,1,0,1.0
"Accra, Ghana",27,15,7,16,15.4
Florida,1,5,0,43,17.9
India,4,11,32,58,34.7
"San Jose, CA",0,10,0,10,5.0
India,13,12,6,917,372.40000000000003
"Aarhus, Denmark",52,35,269,1997,893.4000000000001
Curitiba Paraná,19,44,227,1097,515.1
"Washington, DC",43,23,2,437,186.3
DFW TX,7,26,399,65,149.7
"Austin, Texas",5,0,0,6,3.4000000000000004
Mauritius,33,61,333,618,359.8
"Russia, Armenia",216,6,52,595,297.4
Lisbon,6,4,1,0,1.9000000000000001
Boston,1,1,0,0,0.30000000000000004
"Cambridge, MA",3,1,3,922,370.40000000000003
Munich,26,36,79,45,50.5
"Chicago, IL",13,3,129,86,76.0
harare,4,9,9,68,31.6
MUMBAI,2,4,6,3,3.8
Recife - Brazil,12,8,24,152,71.2
Mexico City,3,5,3,48,21.200000000000003
"Sydney, Australia",1,2,7,0,2.5
United States,1,1,0,4,1.9000000000000001
Hyderabad,1,0,0,0,0.2
Japan,27,35,321,205,187.2
"Melbourne, Australia",0,0,4,8,4.4
Dhaka,41,233,227,40,115.6
"Vallejo, CA",34,20,150,189,129.4
Sydney,4,0,3,386,156.1
Bareilly,6,2,10,107,47.2
Banglore,14,111,6,3,16.900000000000002
"Kolkata, India",2,11,26,1,9.700000000000001
"Dallas, TX",6,6,9,13,9.7
"Somewhere, Iowa",3,12,30,45,28.8
Pune,3,12,30,7,13.600000000000001
Boston,84,15,48,266,139.10000000000002
Banglore,0,2,0,93,37.400000000000006
Seattle,7,4,22,27,19.200000000000003
Chemnitz - Germany,2,0,0,363,145.60000000000002
"Davis, California",2,2,0,144,58.2
"Russia, Moscow",2,2,0,0,0.6000000000000001
"Delhi, India",3,4,4,10,6.2
Egypt,37,26,37,101,61.50000000000001
"Kolkata, West Bengal",1,0,1,155,62.5
"Chicago, US",0,1,1,65,26.4
Auckland,1,0,13,74,33.7
"Phoenix, Arizona",10,9,2,0,3.5
_Aus,0,1,13,0,4.0
"Paramount, CA",1,1,0,58,23.500000000000004
"columbia, Missouri",1,3,4,0,1.7
DIY Yogyakarta,1,0,11,4,5.1
Mumbai,20,34,40,40,35.4
"Phoenix, Arizona",10,9,2,0,3.5
_Aus,0,1,13,0,4.0
"Paramount, CA",1,1,0,58,23.500000000000004
"Waterloo, ON, Canada",17,28,57,2,24.099999999999998
Jaipur,2,4,0,39,16.400000000000002
Bangalore,1,0,0,0,0.2
Moscow,1,0,0,16,6.6000000000000005
Mysore,3,3,16,68,32.900000000000006
Shillong,10,43,63,278,136.4
hyderabad,0,2,0,14,5.800000000000001
Medellín,3,2,0,15,6.8
Banglore,12,14,27,218,99.10000000000001
"Wales, UK",824,2,57,2534,1195.7
New Brunswick,1,0,6,38,17.2
Mexico,14,0,2,60,27.4
"Chicago, IL",0,2,0,2,1.0
"Vienna, Austria",7,11,6,384,157.90000000000003
Ecuador,0,1,0,0,0.1
"Norman, OK",8,11,7,147,63.60000000000001
Washington DC,8,11,7,14,10.400000000000002
"Hilversum, The Netherlands",1,19,42,5,16.7
"KOLKATA, INDIA ",1,0,0,13,5.4
London,0,3,0,89,35.9
Chennai,3,2,0,6,3.2
"Montréal, Québec, Canada",5,1,11,436,178.8
chennai,5,1,11,0,4.4
India,2,22,112,889,391.8
"Roorkee, Uttarakhand, India",3,5,9,212,88.60000000000001
vizianagaram,0,1,0,12,4.9
"Dallas, Texas",2,1,0,67,27.3
"Odessa, Ukraine",1,2,6,508,205.4
"Ottawa, Canada",1,2,2,4,2.6
Kansas,0,1,0,0,0.1
Mumbai,0,1,0,0,0.1
Penang,0,1,0,28,11.3
"Shantou,China",0,1,9,32,15.600000000000001
"Ghaziabad,India",4,1,0,265,106.9
India,2,9,12,81,37.3
"Kashanyarazi-Kamukuzi, Mbarara City",1,3,0,10,4.5
SA,6,8,7,32,16.9
Bangalore,0,0,1,3,1.5000000000000002
"Kollam,Kerala",10,8,22,105,51.4
Wardha India ,1,2,1,57,23.5
"Varanasi, India",26,20,23,299,133.70000000000002
"Jaipur,Rajasthan,India",3,5,4,89,37.9
Leeds,1,1,6,177,72.89999999999999
Hyderabad,2,2,3,31,13.9
San Francisco ,1,1,1,0,0.6000000000000001
"Bethesda, MD USA",2,0,0,600,240.4
United Kingdom,2,0,0,10,4.4
Germany,2,0,0,20,8.4
Lavras-MG,2,8,4,4,4.0
surabaya,8,3,4,44,20.700000000000003
Brasília/DF,10,4,13,93,43.5
São Paulo,9,6,21,489,204.3
"Serbia,  Belgrade",15,32,51,74,51.1
Bangalore,15,32,51,66,47.900000000000006
Thessaloniki,1,1,0,117,47.1
"Wrocław, PL",7,3,37,99,52.400000000000006
Sydney,1,1,0,26,10.700000000000001
"Chicago, USA",0,0,2,69,28.200000000000003
Hyderabad,2,5,24,39,23.700000000000003
"House-1148 (1st, 3rd, & 4th floor) Road 9A(Old-48), Mirpur DOHS, Dhaka-1216 Bangladesh ",1,6,7,193,80.10000000000001
Guwahati,2,4,5,87,37.1
"Khulna-9203, Bangladesh",20,7,4,113,51.1
Jaipur,5,1,1,21,9.8
Chennai - India,3,2,1,28,12.3
United States,6,6,16,228,97.8
Guwahati,2,4,5,87,37.1
Stanford,2,6,2,45,19.6
New York,1,0,0,320,128.2
India,56,53,127,829,386.20000000000005
Banglore,1,2,20,71,34.800000000000004
NIT Durgapur,0,3,6,24,11.700000000000001
Turkey - Istanbul,66,0,21,49,39.1
"Dallas, Texas",1,0,3,5,3.0999999999999996
"Bengaluru, Karnataka, India",1,0,3,14,6.7
"32.621921, 51.647334",33,120,161,639,322.5
"Colombo, Sri Lanka",4,0,15,1785,719.3
New York,0,1,1,13,5.6000000000000005
New Delhi,2,1,0,236,94.9
"Buea, Cameroon",1,1,1,354,142.2
"Mumbai, India",20,41,18,324,143.1
"Islamabad, Pakistan",20,41,18,31,25.9
"Windsor, ON",18,12,13,519,216.3
"Gurgaon , Haryana",0,1,1,19,8.0
"Maharashtra Nagpur, India",1,5,10,46,22.1
"Trivandrum,Kerala",1,5,10,95,41.7
New Delhi ,6,2,5,142,59.7
Cotia - São Paulo,3,7,2,59,25.5
"New Brunswick, NJ",1,0,0,51,20.6
Belgium,1,3,6,26,12.7
Dehradun,0,11,17,644,263.8
Singapore,1,1,2,67,27.7
Pune,2,16,5,28,14.700000000000001
"Alexandria, Egypt",6,9,5,66,30.000000000000004
Mumbai,18,24,21,435,186.3
Pune,18,24,21,11,16.700000000000003
Bangalore,0,2,0,74,29.8
Singapore,0,2,0,31,12.6
JABALPUR,0,0,4,114,46.800000000000004
Stockholm,2,0,0,116,46.800000000000004
"Karachi, Pakistan.",2,0,0,10,4.4
Pune,1,3,0,15,6.5
"New Delhi, India",1,1,0,45,18.3
"Chicago, IL",11,23,73,944,404.0
Chhattisgarh,0,0,1,116,46.7
Bengaluru,0,2,1,8,3.7
India,345,3,2,34,83.5
Bhopal,0,0,4,196,79.60000000000001
Hyderabad,4,4,1,250,101.5
NYC,4,4,0,56,23.6
new delhi,8,16,9,289,121.50000000000001
"Mangaluru,India",31,22,62,363,172.20000000000002
Uthukottai,4,4,10,16,10.600000000000001
Mumbai,2,10,3,147,61.1
St Louis,1,1,1,72,29.400000000000002
VIT VELLORE,4,4,0,20,9.2
San Jose,0,1,1,328,131.60000000000002
"London, UK",1,6,5,160,66.3
Noida,1,6,5,50,22.3
Bhopal,0,0,4,196,79.60000000000001
Mumbai,4,2,1,78,32.5
Hyderabad,1,1,0,90,36.3
"Chicago, IL",0,1,6,48,21.1
Montreal,1,0,0,109,43.800000000000004
New York,6,9,41,589,250.00000000000003
"New Delhi, India",4,5,25,4005,1610.8
New Jersey,0,0,21,193,83.5
Brazil,2,2,0,144,58.2
Kolkata,2,2,0,93,37.800000000000004
India,0,0,5,100,41.5
"Hyderabad, India",0,2,0,28,11.4
Ottawa Canada,0,0,1,18,7.5
chennai,0,4,11,84,37.300000000000004
Bengaluru,0,0,6,39,17.400000000000002
"Boulder, CO",1,2,0,149,60.0
mumbai,1,2,0,5,2.4
"San Jose, California, USA",1,2,1,16,7.1000000000000005
Singapore,0,0,4,26,11.6
Jodhpur,0,0,4,16,7.6000000000000005
Pune,0,1,4,58,24.500000000000004
Tumkur,1,4,0,32,13.4
New Delhi,2,3,3,169,69.2
"Maharastra ,Mumbai",1,7,17,60,30.0
Pune,4,6,7,121,51.900000000000006
Mangalore,6,5,1,54,23.6
"Kumasi, Ghana- West Africa",3,7,0,14,6.9
São Paulo,3,7,0,81,33.699999999999996
Hyderabad,3,7,0,79,32.9
"Brasília, DF",7,5,15,280,118.4
"Durban, KZN",7,5,15,7,9.200000000000001
"London, UK",0,1,0,32,12.9
Indore,0,1,0,15,6.1
"Hemel Hempstead, UK",2,9,42,68,41.1
Chennai,10,14,31,46,31.1
"VIT,VELLORE",4,11,16,241,103.10000000000001
"Ghaziabad,UP",1,1,0,10,4.3
"Dehradun, Uttarakhand, INDIA",3,6,5,79,34.300000000000004
"Thessaloniki, Greece",1,1,0,124,49.9
Uruguay,2,3,0,31,13.1
Kota,0,1,4,18,8.5
New York,2,2,1,286,115.30000000000001
"Cincinnati, OH",1,4,2,39,16.8
New Delhi,0,0,4,41,17.6
İzmir/Türkiye,1,4,5,23,11.3
India,5,12,30,60,35.2
"Toronto, ON",6,9,1,33,15.600000000000001
Bangalore,0,3,2,33,14.100000000000001
"Duisburg, Germany",2,3,6,163,67.7
"Bandung, Indonesia",8,10,10,39,21.200000000000003
Turkey,0,1,2,10,4.7
mumbai,10,10,21,184,82.9
"Ottawa, Canada",10,10,21,51,29.700000000000003
"kathmandu,Nepal",0,1,0,3,1.3000000000000003
"Galle, Srilanka",0,1,0,9,3.7
Canada,2,1,2,6,3.5000000000000004
"Manhattan, NYC",1,0,3,41,17.500000000000004
"Rochester, NY",1,0,3,17,7.9
Gwalior,1,0,8,131,55.00000000000001
Sunnyvale,1,2,23,171,75.7
Denver,2,6,6,146,61.2
"Dakar, Sénégal",208,521,1900,119,711.3000000000001
kolkata,208,521,1900,13,668.9000000000001
"Boston, MA",0,2,13,38,19.3
London,136,54,38,9125,3694.0
Tempe,20,17,5,32,20.0
Bengaluru,20,17,5,0,7.2
Bangalore,6,0,5,0,2.7
"Melbourne, Australia ",11,13,166,79,84.9
vigo,12,18,0,6,6.6000000000000005
Sydney,4,4,21,1,7.9
New York,14,18,2,6,7.6000000000000005
berlin - in your ♥,59,1,14,2115,862.1
Dehradun,59,1,14,0,16.1
Singapore,12,0,51,28,28.9
San Francisco,14,5,0,0,3.3000000000000003
Halifax,19,0,0,0,3.8000000000000003
"Seattle, Washington",8,0,3,0,2.5
São José dos Campos,24,28,71,898,388.1
delhi,14,0,0,19,10.4
"Delhi, India",6,1,68,148,80.9
"Columbia,United States",2,2,1,99,40.5
Norway,8,5,2,24,12.3
Netherlands,0,0,1,0,0.3
"Charlotte, NC",1,1,0,2,1.1
New York,1,0,1,1,0.9
Greater New York City Area,1,5,1,47,19.8
"Johannesburg, South Africa ",4,3,3,19,9.600000000000001
Ahmedabad,360,177,1200,220,537.7
"Madrid, Spain",6,4,38,125,63.0
Italy,108,8,10,798,344.6
"Dallas, Texas, USA",1,0,0,0,0.2
"Lisbon, Portugal",17,177,289,121,156.20000000000002
"Oxford, UK",14,29,138,113,92.30000000000001
"San Francisco, CA",3,2,0,332,133.60000000000002
"Norfolk, VA",6,8,8,119,52.0
"Algiers, Algeria",1,0,2,1,1.2000000000000002
"London, UK",1,0,0,2,1.0
Belgium,14,21,183,281,172.2
"HYDERABAD, INDIA",3,1,0,148,59.900000000000006
Sarajevo,1,0,0,0,0.2
San Francisco,4,2,8,40,19.4
"Kenitra, Morocco",26,14,59,245,122.3
Norway,5,3,3,225,92.2
"Harare, Zimbabwe",24,15,14,196,88.9
"TOKYO-JAPAN, ROK-SEOUL",130,11,168,7756,3179.9
Pune,10,9,15,20,15.4
Egypt,24,58,38,57,44.8
Delhi,1,28,9,249,105.30000000000001
"Delhi, India",3,6,51,156,78.9
India,5,10,1,0,2.3
"Toronto, Canada",69,36,1100,249,447.0
Chennai,69,36,1100,0,347.4
Bangalore,2,2,12,3,5.3999999999999995
Raleigh,2,2,12,0,4.199999999999999
United Arab Emirates,0,2,23,0,7.1
shenzhen,3,23,385,31,130.8
Gurgaon,3,23,385,5,120.4
Gurgaon,1,2,3,8,4.5
"Birmingham, AL",3,1,0,4,2.3000000000000003
Bangalore,3,1,0,7,3.5000000000000004
China,22,46,48,422,192.20000000000002
Singapore ,12,54,69,54,50.1
"Bay Area, CA",4,4,0,25,11.2
"Madurai, Tamil Nadu, India",96,3,66,737,334.1
"Riverwoods, IL",5,29,9,171,75.0
"Syracuse, NY, United States",5,29,9,0,6.6
Beijing,90,107,224,228,187.10000000000002
"Atlanta, GA",2,1,0,371,148.9
New York City,3,2,1,195,79.1
United States,1,0,5,0,1.7
"Detroit, MI",11,0,4,102,44.2
Mumbai,3,0,0,0,0.6000000000000001
Bangalore,1,5,8,11,7.5
India,1,3,3,5,3.4
"Detroit, MI",11,0,4,102,44.2
Mumbai,3,0,0,0,0.6000000000000001
London,3,0,0,0,0.6000000000000001
Nepal,3,21,5,15,10.2
Taiwan,3,21,5,0,4.2
Bay Area,7,10,2,147,61.800000000000004
"Mumbai,India",2,0,13,104,45.9
"Brasília, Brazil",4,4,3,129,53.7
Bahrain,0,2,0,0,0.2
"Delhi, India",1,1,0,0,0.30000000000000004
India,4,4,1,96,39.900000000000006
"Indianapolis, IN USA",3,5,0,4,2.7
"Ghaziabad, India",0,4,3,17,8.100000000000001
San Francisco,0,2,6,0,1.9999999999999998
France,1,0,1,63,25.700000000000003
Gurgaon,1,0,0,6,2.6000000000000005
"Gainesville, Florida",0,0,1,3,1.5000000000000002
"Atlanta, GA",13,5,48,296,135.9
"Hamburg, Germany ",2,6,9,92,40.50000000000001
New York,241,5,28,303,178.3
İstanbul,1,0,0,0,0.2
"Charlottesville, VA",0,0,1,112,45.1
"Dhaka, Bangladesh",1,17,0,11,6.300000000000001
"Montreal, Canada",4,6,21,499,207.3
"Indianapolis, IN",0,0,1,165,66.3
"San Diego, California",4,5,11,2,5.3999999999999995
"São Paulo, Brasil",122,15,0,769,333.5
Bangalore,4,10,4,87,37.800000000000004
"Jakarta, Indonesia",4,10,4,0,3.0
Afghanistan Kabul,4,4,16,8,9.2
"Irvine, California",0,0,4,1,1.6
Los Angeles,2,0,0,928,371.6
Munich,23,51,203,1016,477.0
Kolkata,5,2,0,159,64.8
Chandigarh,5,2,0,0,1.2
"Dhaka ,Bangladesh",43,30,3,0,12.5
Hyderabad,43,30,3,19,20.1
India,8,65,88,395,192.5
Mumbai,12,1,103,168,100.6
"Seattle, WA",12,1,103,2,34.199999999999996
New Delhi,17,7,10,186,81.5
Denmark,1,1,4,624,251.10000000000002
San Francisco,1,1,4,0,1.5
Pune,0,2,2,17,7.6000000000000005
Hyderabad,0,3,2,4,2.5
"Miami, Florida",1,0,0,0,0.2
Kolkata,0,8,0,37,15.600000000000001
"Surat,Gujrat,India",10,20,87,21,38.5
Barranquilla Colombia,6,16,12,74,36.0
Indianapolis,6,16,12,4,8.0
Sathyamangalam,2,1,0,20,8.5
"Ottawa, Canada",2,5,9,120,51.6
Bengaluru,0,0,1,94,37.9
"New Delhi,India",13,24,32,232,107.4
USA,2,0,2,20,9.0
Copenhagen,9,14,0,4,4.800000000000001
india,0,0,7,75,32.1
"Kashanyarazi-Kamukuzi, Mbarara City",1,3,0,10,4.5
pakistan karachi,4,14,3,141,59.50000000000001
Wrocław,3,11,17,169,74.4
Poland,4,0,4,6,4.4
Brazil,14,14,17,119,56.900000000000006
"Maastricht, Netherlands",5,6,24,5,10.799999999999999
"Nashik, Maharashtra, India",1,0,0,5,2.2
India,2,3,1,2,1.8
France,0,1,0,9,3.7
"Fremont, California",0,0,6,327,132.60000000000002
New Zealand,1,0,3,103,42.300000000000004
"Jakarta, Indonesia",1,0,3,5,3.0999999999999996
New Delhi,1,0,0,504,201.8
"Malang, Jawa Timur",3,0,0,43,17.8
London,0,6,7,3310,1326.7
Kolkata,14,5,35,220,101.8
"Alicante, Spain",2,6,1,16,7.7
"Lamia, Greece",4,0,0,0,0.8
Dhaka,2,15,16,336,141.1
Toronto,0,1,2,81,33.1
"Surat,Gujarat,India",2,1,0,22,9.3
Hyderabad,4,8,23,42,25.3
"San Jose, CA, USA",2,3,3,109,45.2
Pune,2,3,3,16,8.0
"Khulna-9203, Bangladesh",20,7,4,113,51.1
Ireland,7,20,0,30,15.4
"Gainesville, Florida",1,1,1,2,1.4000000000000001
"Bangalore, India",0,7,23,22,16.4
Bangalore,0,7,23,2,8.4
"Melbourne, Australia",0,7,23,206,90.0
Canada,14,21,141,1387,602.0000000000001
Delhi,5,30,0,46,22.400000000000002
South Korea,5,10,7,98,43.300000000000004
"Germany, Hamburg",5,10,7,6,6.5
Hyderabad,0,8,8,89,38.800000000000004
"Pune, India",19,38,9,98,49.5
"Bengaluru, Karnataka, India",19,38,9,14,15.900000000000002
Joypurhat,19,38,9,28,21.5
"Mumbai, India",43,44,10,1132,468.8
"Winnipeg, Manitoba",43,44,10,779,327.6
Charlottesville,6,23,18,47,27.700000000000003
"New York, NY",0,1,8,251,102.9
"Valsad,India",8,5,3,165,69.0
"San Francisco, CA",6,0,0,114,46.800000000000004
"Jaipur, Rajasthan, India",52,17,24,253,120.5
Dublin,1,1,11,63,28.800000000000004
"Toronto, ON",1,1,11,21,12.0
"Escondido, CA",1,2,4,33,14.8
"xalapa,ver mexico",0,1,3,26,11.4
India,4,6,0,108,44.6
Chennai,0,0,1,32,13.100000000000001
"Noida, UP India",10,9,20,215,94.9
Boston,2,14,6,42,20.400000000000002
Egypt,2,14,6,24,13.200000000000001
Colorado,1,5,1,214,86.60000000000001
"Gurugram, India",1,5,1,12,5.800000000000001
Delhi,0,1,5,23,10.8
Hyderabad,15,4,0,30,15.4
"Bogotá, Colombia",1,2,84,209,109.2
Kurukshetra,13,8,39,254,116.7
Israel,13,8,39,110,59.1
"Ludhiana, Punjab",5,1,0,89,36.7
"Goleta, CA",0,0,1,57,23.1
"Dhaka, Bangladesh",4,10,41,219,101.7
"Barcelona, Spain",0,10,1,44,18.900000000000002
new delhi,8,16,9,289,121.50000000000001
Lahore,0,0,5,156,63.900000000000006
"Mahendragarh, Haryana",0,0,1,30,12.3
INDIA,0,1,8,82,35.300000000000004
delhi,2,0,2,30,13.0
United States,1,2,0,21,8.8
"Chennai, India",8,11,20,301,129.1
Pune,0,1,0,37,14.9
Colombo,2,0,3,298,120.5
"Edison, New Jersey",4,5,0,196,79.7
Bangalore,4,5,0,32,14.100000000000001
"Kathmandu, Nepal",1,1,0,5,2.3
"Santa Clara ,CA",1,1,0,35,14.3
"Poland, Poznań",1,0,2,94,38.4
"Jalandhar ,Punjab",0,2,0,471,188.6
New York City,0,0,37,84,44.7
"Addis Ababa, Ethiopia",1,1,0,108,43.5
"San Mateo, California",0,4,5,163,67.10000000000001
"New York, USA",0,2,0,69,27.8
Gurgaon,0,0,1,33,13.500000000000002
"London, UK",0,0,1,11,4.7
Canada,0,4,5,122,50.7
NIT Calicut,2,1,0,168,67.7
Nigeria,0,1,0,20,8.1
Pune,0,1,0,12,4.9
"Bremen, Germany",2,5,1,193,78.4
mumbai,1,0,0,50,20.2
Hyderabad,2,0,2,199,80.60000000000001
Ahmedabad,0,0,1,16,6.7
"Toronto, Canada",2,4,0,46,19.200000000000003
Saudi Arabia,0,1,0,23,9.3
INDIA,0,4,10,70,31.4
dallas fortwort,0,5,0,36,14.9
"San Antonio, Texas",0,0,2,8,3.8000000000000003
Bangalore,0,0,2,58,23.800000000000004
Biratnagar,0,0,2,8,3.8000000000000003
"Sweden,India ",8,10,18,132,60.800000000000004
India ,1,2,2,69,28.6
Poland,1,1,0,80,32.3
"Frankfurt, Germany",0,1,0,31,12.5
"Birmingham, Alabama",19,28,4,311,132.20000000000002
"Poland, Warsaw",19,28,4,6,10.200000000000001
"Nagpur, Maharashtra, India",1,2,0,35,14.4
US,1,4,16,76,35.800000000000004
Frankfurt am Main,0,2,1,114,46.1
Dhaka,0,2,1,28,11.700000000000001
Chicago,1,1,0,139,55.9
Lucknow,1,0,2,53,22.000000000000004
Bay Area,2,3,36,136,65.9
"sundargarh,odisha",2,3,36,259,115.10000000000001
Thane,2,3,36,34,25.1
"Brunswick, Melbourne",2,3,36,25,21.5
Sorocaba/SP,5,9,3,65,28.8
Visakhapatnam,5,9,3,56,25.200000000000003
"Moradabad, India",3,2,4,55,24.0
United States,3,2,4,37,16.8
Dallas,0,1,2,37,15.5
Thailand,2,9,1,200,81.6
Manipal,2,12,2,305,124.2
"New Delhi, India",8,15,18,113,53.7
Mumbai,2,5,1,591,237.6
Bandung,6,15,18,367,154.9
Canada,0,1,2,452,181.5
Mysore,3,2,4,12,6.800000000000001
Mumbai,3,2,4,19,9.600000000000001
Kolkata/India,5,3,3,109,45.800000000000004
"Nizhny Novgorod, Russian Federation",6,4,7,57,26.5
"Beijing, China",3,6,27,175,79.3
Tehran,0,1,0,57,22.900000000000002
"Accra, Ghana",15,18,1,111,49.50000000000001
Srikakulam,1,0,15,63,29.900000000000002
"Chennai, India",1,0,15,22,13.5
"San Jose, CA",0,4,0,8,3.6
Bangalore,0,3,0,199,79.9
Bengaluru,0,3,0,31,12.700000000000001
Bangalore,0,3,0,10,4.3
France,0,3,0,13,5.5
"New York, NY",0,3,0,32,13.100000000000001
chennai,1,2,0,32,13.200000000000001
Kolkata,2,0,1,239,96.30000000000001
Jssaten,20,22,4,87,42.2
"Mumbai, India",9,8,0,83,35.800000000000004
"Netherlands, Lichtenvoorde",2,2,1,27,11.700000000000001
"Lagos, Nigeria",2,1,0,40,16.5
Seattle,4,0,0,9,4.4
India,0,1,0,35,14.1
greater noida,2,0,0,54,22.0
Bangalore,6,2,0,261,105.80000000000001
"Chennai,India",212,217,243,2803,1258.2
"Jaipur, Rajasthan, India",52,17,24,253,120.5
Bangalore,1,13,54,225,107.7
Hamburg/ Germany ,1,1,1,13,5.800000000000001
Berlin,4,0,15,2,6.1
"Boulder, CO",4,5,27,18,16.6
"Greenwood, VA",1,0,0,0,0.2
Bangalore,14,48,16,148,71.60000000000001
"Chicago, IL",1,1,1,4,2.2
Jamaica,1,1,1,0,0.6000000000000001
"Montevideo, Uruguay",16,2,577,445,354.5
Brazil,1,2,4,26,12.0
"San Francisco, CA",5,3,0,0,1.3
"Orlando, Florida",3,0,0,2,1.4000000000000001
"Bentonville, Arkansas",1,2,0,0,0.4
Lagos,4,0,0,4,2.4000000000000004
"Surathkal , Mangalore , Karnataka",3,4,0,0,1.0
China Shanghai,0,2,2,9,4.4
United States,10,9,9,114,51.2
Noida,1,1,0,16,6.7
Saarbrücken,11,20,5,76,36.1
"Delhi, India",46,225,171,2,83.8
"Charlotte, NC",1,1,0,0,0.30000000000000004
"Vancouver, Canada",2,0,0,77,31.2
Germany,0,9,2,7,4.300000000000001
"San Francisco, CA",0,9,2,22,10.3
Istanbul/Turkey,9,12,4,13,9.4
USA,9,12,4,16,10.600000000000001
"Hoboken, New Jersey",5,7,7,25,13.8
"Bangalore,KA",1,26,60,3,22.0
"Philadelphia, PA",4,0,1,27,11.9
Western New York,1,1,8,1148,461.90000000000003
New York ,7,18,26,2,11.8
Brazil,6,86,8,49,31.800000000000004
"Melbourne, Australia",26,54,34,96,59.2
San Jose,1,0,0,7,3.0000000000000004
Madrid,2,10,4,26,13.0
Bangalore,4,3,1,50,21.4
"Sydney, Australia",8,8,34,64,38.2
"Uberlândia, Brazil",6,12,12,2,6.8
bengalore,0,0,1,39,15.900000000000002
"New Delhi, India",4,0,9,148,62.7
"Chicago, IL",13,3,129,86,76.0
"Columbus, OH",0,1,2,61,25.1
"Syracuse, New York",4,50,75,19,35.9
Ghaziabad Delhi,96,1,6,281,133.5
"Estado de México, CP 52928",19,10,7,11,11.3
New Delhi,2,2,0,24,10.200000000000001
Hyderabad,10,3,5,0,3.8
Seattle,0,1,1,1,0.8
Singapore,0,1,1,3,1.6
"Bangalore,India",1,2,6,31,14.6
"Tel Aviv, Israel",1,2,6,0,2.1999999999999997
"Hermosillo, Sonora, MX",5,6,8,49,23.6
New York,3,4,30,33,23.200000000000003
"New Delhi, India",95,248,126,228,172.8
"Charlotte, NC",0,0,2,0,0.6
Mumbai,2,7,26,2,9.700000000000001
India,2,7,26,0,8.9
"Punjab, Pakistan",2,7,26,23,18.1
Pittsburgh,2,7,26,0,8.9
"Raleigh, North Carolina",2,7,26,0,8.9
"Seattle, WA",9,21,11,0,7.2
Boston,12,91,1,1,12.200000000000001
"Amsterdam, Netherlands",17,10,22,148,70.2
"Raleigh, North Carolina",17,10,22,0,11.0
"San Diego, California",17,10,22,0,11.0
Paris,5,75,21,563,240.00000000000003
Ankara,5,75,21,0,14.8
Maynooth,1,0,0,12,5.000000000000001
"Brasília, Brazil",4,4,3,129,53.7
"Anamnagar, Kathmandu",4,4,3,92,38.900000000000006
"Kharar,Punjab,India",1,0,10,14,8.8
University of Sydney,8,11,8,4,6.699999999999999
Nairobi,3,5,50,135,70.1
"Maastricht, The Netherlands",3,10,0,3,2.8000000000000003
Bath / Cornwall,1,2,3,0,1.2999999999999998
"Seoul, South Korea",15,16,34,139,70.4
Gurgaon,15,16,34,75,44.8
San Francisco CA,11,12,59,26,31.5
"Accra, Ghana",9,7,5,162,68.8
"Dallas, Texas",1,40,0,12,9.0
bit mesra ranchi india,8,5,8,128,55.7
"Cambridge, UK",0,3,1,61,25.000000000000004
Ecuador,0,1,0,0,0.1
Goa,1,2,0,18,7.6000000000000005
"Vellore, India",4,18,13,124,56.1
Singapore,5,7,152,162,112.1
Los Angeles,2,0,0,928,371.6
Singapore,9,1,12,40,21.5
"São Paulo, SP Brasil",517,92,36,30,135.4
"Portland, OR",17,45,103,1064,464.40000000000003
"Lexington, MA",13,30,9,210,92.3
Hyderabad,13,30,9,0,8.299999999999999
Canada,2,1,2,11,5.5
Chandigarh,1,3,7,0,2.6
Islamabad,2,27,4,65,30.3
Kansas,0,1,0,0,0.1
Nashik,2,7,6,152,63.7
Bengaluru,10,13,9,176,76.4
istanbul,2,4,1,4,2.7
india ,1,1,7,191,78.80000000000001
"Rotterdam, The Netherlands",3,4,0,37,15.8
"Chennai, India",18,37,23,60,38.2
"Long Beach, CA",1,0,1,20,8.5
Hungary,6,5,19,76,37.800000000000004
"Blue Mountains, Australia",6,5,67,24,31.4
New Zealand,1,0,3,103,42.300000000000004
Poland,1,0,3,75,31.1
Hyderabad,3,30,1,85,37.9
Indonesia,7,7,2,15,8.7
"Canada, Edmonton,AB",1,6,15,13,10.5
Brisbane,110,10,97,126,102.5
Singapore,110,10,97,390,208.1
Tokyo,0,5,24,0,7.699999999999999
Chennai,2,2,0,12,5.4
"Hyderabad,India",1,5,4,22,10.700000000000001
Kochi ,28,26,19,377,164.70000000000002
Faridabad,1,12,1,115,47.7
A-5 IT-Park Dehradun Uttrakhand India,1,0,0,5,2.2
HYDERABAD,1,0,0,14,5.800000000000001
"Austin, TX",6,11,9,877,355.8
ISTANBUL,16,26,6,33,20.8
Dhanbad,3,1,1,17,7.800000000000001
India,15,111,282,171,167.1
New Delhi,9,18,7,40,21.7
"Brazil, Alagoas, Maceió",0,6,6,42,19.2
Ahmedabad,2,0,26,96,46.60000000000001
Chennai,9,5,23,90,45.2
Munich,2,5,1,279,112.80000000000001
Nigeria,0,1,7,16,8.600000000000001
Bangalore,6,5,1,82,34.800000000000004
India Kolkata,44,7,47,410,187.6
"Goiânia, GO",26,49,92,174,107.30000000000001
"Pune,India",15,5,5,98,44.2
San Francisco,1,0,2,80,32.8
Nigeria,0,1,7,16,8.600000000000001
"Lagos, NIgeria",41,64,149,992,456.1
"Medellín, Colombia",1,1,1,4,2.2
Pune,0,2,2,26,11.200000000000001
Delhi,0,2,2,172,69.6
Lagos,20,33,4,75,38.5
greater noida,2,0,0,54,22.0
Hyderabad,2,5,0,75,30.9
New Delhi,4,16,7,356,146.9
"Karachi, Pakistan",18,25,1,136,60.800000000000004
Castro Valley,9,6,588,476,369.20000000000005
Hyderabad,0,0,1,26,10.700000000000001
Porto Alegre - RS - Brazil,11,51,14,501,211.9
Bhubaneswar,3,0,2,46,19.6
Australia,1,1,8,176,73.10000000000001
"Mexico City, Mexico",1,6,9,50,23.5
Mumbai,14,7,1,250,103.8
"Hayward, California ",0,0,9,84,36.300000000000004
San Francisco,0,0,9,41,19.1
"Jaipur,Rajasthan",3,6,28,140,65.6
3514 Fiske Ter Silver Spring MD 20906,102,220,22,1710,733.0
India,0,0,11,113,48.5
Yangon,0,8,0,33,14.000000000000002
"Pune, India",0,3,5,19,9.4
Bhubaneswar,0,0,1,317,127.10000000000001
Egypt,12,19,30,158,76.5
"Sousse, Tunisia",27,53,27,202,99.60000000000001
"Los Angeles, CA",2,1,0,210,84.5
"Gurgaon, Haryana",2,1,0,76,30.900000000000002
"Kolkata, West Bengal, India",0,2,0,23,9.4
Saudi Arabia,3,5,0,27,11.9
Mohammedia,6,4,3,44,20.1
new delhi,0,0,2,156,63.00000000000001
Indonesian,2,1,2,261,105.5
"Mumbai , India",31,25,9,96,49.800000000000004
"Vadodara, Gujarat",1,6,1,54,22.700000000000003
India,1,0,0,139,55.800000000000004
BANGALORE,4,5,52,266,123.30000000000001
Dehradun,4,5,52,61,41.3
Pune,1,0,1,142,57.300000000000004
Kolkata,1,0,1,47,19.3
Germany,4,10,17,237,101.70000000000002
Islamabad,3,2,0,132,53.6
"Bhubaneswar , Odisha ",0,22,19,176,78.30000000000001
Kadapa,1,2,11,71,32.1
"Bay Area, CA, USA",0,2,0,25,10.2
delhi,2,0,2,30,13.0
Minneapolis,3,4,0,182,73.8
"Kolkata,West Bengal,India",1,0,0,44,17.8
"Palam Vihar, Delhi NCR",5,10,0,18,9.2
Navi Mumbai,71,3,6,161,80.7
new delhi,8,16,9,289,121.50000000000001
Gurgaon,1,5,5,22,11.0
India,27,15,37,361,162.4
mohali,27,15,37,4,19.6
"No 2 omoyiola area Ido-Osun, Osun State",0,5,1,46,19.200000000000003
"Dhaka, Bangladesh",13,43,28,31,27.700000000000003
İstanbul,6,8,18,8,10.6
Hong Kong,1,1,0,4,1.9000000000000001
Nigeria,35,12,1,24,18.1
"Kolkata, India",15,11,62,487,217.5
"Chandigarh, India",12,11,0,275,113.5
Kendari,17,70,116,316,171.6
"Addis Ababa, Ethiopia",1,1,0,108,43.5
Singapore,1,47,12,21,16.9
Sri Lanka,24,49,18,822,343.90000000000003
"Metro Manila, Philippines",8,73,21,583,248.4
Delhi ,1,3,1,77,31.6
"Nagpur, Maharashtra",2,1,9,445,181.2
USA,0,1,0,18,7.3
Mumbai,3,4,0,16,7.4
"Coimbra, Portugal",3,4,0,23,10.200000000000001
"Howrah(Kolkata),India",7,72,167,694,336.3
Pune,22,4,0,69,32.400000000000006
Quebec,1,0,0,55,22.2
Bareilly,24,29,37,816,345.20000000000005
Montreal,6,4,39,538,228.50000000000003
São Paulo / Brazil,6,7,12,151,65.9
Jabalpur,1,2,3,7,4.1
India,8,19,33,60,37.4
Kiev,0,0,2,33,13.8
India,0,7,0,42,17.5
Indonesia,1,2,0,16,6.800000000000001
Bhubaneswar,1,2,0,18,7.6000000000000005
Mumbai,1,1,12,26,14.3
Paris,6,6,3,1068,429.90000000000003
"Silicon Valley, CA",8,11,1,185,77.0
"Bengaluru, India",7,51,107,183,111.80000000000001
"Bangalore, Karnataka, India",1,2,5,79,33.5
India,2,2,0,15,6.6
New delhi,6,6,2,65,28.4
"Kansas City, MO",6,6,2,32,15.200000000000001
Andra Pradesh,0,0,2,15,6.6
"Zlin, Czech Republic ",220,14,6,227,138.0
Pune/Delhi,0,10,0,16,7.4
Toronto,4,69,1,1454,589.6
Allahabad,4,69,1,18,15.2
Atlanta,1,0,4,27,12.200000000000001
Bengaluru,1,0,4,41,17.8
Egypt,0,7,0,28,11.9
Chennai,0,7,0,45,18.7
"Okemos, Michigan",12,18,19,550,229.9
"Dhaka, Bangladesh",0,1,1,8,3.6
Mexico,7,9,2,114,48.5
"Mumbai , India",9,7,31,76,42.2
Italy,2,4,2,586,235.8
"Toronto, Canada",5,1,5,118,49.800000000000004
Hyderabad,1,4,4,144,59.4
Kanpur,0,1,0,18,7.3
"Seattle, WA",8,44,4,398,166.4
Gwalior,7,13,6,110,48.5
"HYDERABAD, INDIA",3,1,0,148,59.900000000000006
Mumbai,3,1,0,73,29.900000000000002
India,1,1,3,102,42.00000000000001
"Cairo, Egypt ",0,2,0,19,7.800000000000001
"Dallas, TX",0,2,0,27,11.0
Ålesund,2,0,4,473,190.8
Chennai,4,8,1,66,28.3
Venezuela,0,1,0,7,2.9000000000000004
Imphal,0,0,25,121,55.900000000000006
"Thessaloniki,Greece",6,11,10,618,252.50000000000003
Campos dos Goytacazes - RJ,10,7,7,254,106.4
India,10,7,7,35,18.8
"Mumbai, India",3,0,8,134,56.6
"Troy, NY",0,0,1,15,6.3
Ghaziabad,1,0,1,46,18.900000000000002
Ghaziabad,1,0,1,46,18.900000000000002
"Moroleón Guanajuato, México",5,3,8,46,22.1
"Lagos, NIgeria",41,64,149,992,456.1
"Boston, MA",1,4,0,11,5.0
Hyderabad,0,6,6,131,54.800000000000004
"Lagos, NIgeria",41,64,149,992,456.1
"Lisbon, Portugal",8,10,5,0,4.1
"Jakarta, Indonesia",3,1,1,0,1.0
"Portland, OR",3,8,0,0,1.4000000000000001
"Champaign, Illinois",3,8,0,0,1.4000000000000001
"New York, NY",3,8,0,0,1.4000000000000001
"Austin, Texas",2,0,1,4,2.3
India,18,6,2,0,4.8
"Ioannina, Greece",6,7,6,0,3.7
"Phoenix, AZ",9,0,4,1,3.4
"Milan, Italy",11,5,6,6,6.9
"Washington, DC",16,16,63,168,90.9
"Zaporozhye, Ukraine",2,1,0,0,0.5
United States,0,1,2,0,0.7
United Kingdom,7,6,59,312,144.5
Philadelphia,1,0,8,0,2.6
Columbus Indiana,11,89,630,145,258.1
Netherlands,10,15,106,331,167.7
Austin,8,5,6,1424,573.5
San Francisco Bay Area,0,1,2,0,0.7
India,7,8,21,86,42.9
Nashville TN,4,11,49,0,16.599999999999998
Mumbai,1,2,1,1,1.1
"Groningen, Netherlands",1,2,1,14,6.300000000000001
India,1,5,4,20,9.9
"San Francisco, CA",3,0,0,0,0.6000000000000001
"Providence, RI",9,12,188,96,97.80000000000001
"Dhaka, Bangladesh ",33,7,42,1285,533.9
"Sydney, Australia",3,6,24,224,98.0
Pune,2,1,0,0,0.5
India,1,0,0,0,0.2
Boston,5,9,0,0,1.9
"Sydney, Australia",7,4,0,3,3.0000000000000004
Pune,2,0,0,0,0.4
Shanghai,0,1,0,2,0.9
"Tokyo, Japan",21,6,107,31,49.300000000000004
MUMBAI,2,4,6,3,3.8
"Faridabad, India",1,2,2,5,3.0
"Wales, UK",824,2,57,2534,1195.7
"Lviv, Ukraine",1,1,1,163,65.8
Gurgaon,31,12,48,104,63.4
Pune,6,4,11,0,4.9
Faridabad,8,7,21,119,56.2
"Chennai, Tamilnadu, India",8,7,21,0,8.6
"Medellín, Colombia",3,5,12,315,130.7
São Paulo,50,4,0,7,13.200000000000001
Atlanta,4,1,3,0,1.7999999999999998
"Buffalo, NY",3,1,1,358,144.20000000000002
"Adelaide, South Australia",2,5,6,81,35.1
"Cairo, Egypt",17,25,40,36,32.3
Bangalore,17,25,40,0,17.9
new delhi,17,25,40,18,25.099999999999998
"Surabaya, Indonesia",32,30,102,506,242.4
"TOKYO-JAPAN, ROK-SEOUL",130,11,168,7756,3179.9
Peru,1,0,1,12,5.300000000000001
"Berlin, Germany",12,0,5,14,9.5
"Rochester, Minnesota",1,0,1,0,0.5
"Amherst, MA",6,7,16,490,202.7
"Los Angeles, CA",11,1,7,176,74.80000000000001
China,18,45,274,488,285.5
"Schaumburg , IL",1,1,0,0,0.30000000000000004
"Miami, FL",14,13,4,88,40.5
"Chicago, IL",1,1,2,15,6.9
"Amsterdam, NL",107,115,1400,477,643.7
"Schaumburg , IL",1,1,0,0,0.30000000000000004
"Toccoa, GA",1,1,0,2,1.1
"Birmingham, AL",0,0,7,0,2.1
Canada,0,0,20,19,13.600000000000001
United Kingdom,0,0,2,0,0.6
New York,0,0,2,10,4.6
"Oslo, Norway",0,0,4,170,69.2
"Calgary, Canada",3,3,2,15,7.5
Vellore,0,0,1,104,41.9
"Cha- 214 TB Gate, Mohakhali, Dhaka, Bangladesh",3,6,9,95,41.9
Vellore,3,6,9,76,34.300000000000004
Virginia,1,2,1,83,33.900000000000006
Sri Lanka,0,2,0,28,11.4
"Lviv, Ukraine",6,6,2,142,59.2
Belo Horizonte,3,3,14,85,39.1
"kurukshetra,Haryana",7,6,10,109,48.6
University of Moratuwa,0,0,2,9,4.2
"Paris, France",1,4,3,51,21.900000000000002
"Haryana,India",1,1,0,25,10.3
"Puducherry, India",3,4,8,114,49.0
Kolkata,43,90,86,400,203.4
New Delhi,8,69,22,29,26.700000000000003
NOIDA,2,6,1,17,8.100000000000001
Amman,9,10,2,38,18.6
Nairobi,12,74,59,246,125.9
Kolkata,1,0,3,7,3.9000000000000004
Vienna,0,0,8,6,4.800000000000001
Vienna,0,0,8,6,4.800000000000001
"Cambridge, MA",9,11,4,6,6.500000000000001
Goma/DRC,0,9,11,4,5.800000000000001
Irvine,3,0,0,0,0.6000000000000001
Lives in Abuja Nigeria,1,4,34,229,102.4
"Terhran, Iran",40,29,14,387,169.9
United Kingdom,11,0,4,31,15.8
"Bengaluru, India",11,0,4,6,5.800000000000001
"Rupnagor R/A, Mirpur-2,Dhaka-1216",11,0,4,0,3.4000000000000004
Noida Sec-27,6,6,0,126,52.2
"Dallas, TX",1,1,97,23,38.6
São Carlos,5,38,308,296,215.6
"Edmonton, Alberta",3,4,3,4,3.5
Sri Lanka,3,4,3,12,6.700000000000001
Kolkata ,4,4,2,81,34.199999999999996
Cyprus,3,12,9,89,40.1
Brisbane,110,10,97,126,102.5
banglore,1,2,4,10,5.6
New Zealand,1,0,3,103,42.300000000000004
Chennai,5,9,5,25,13.4
Hyderabad,5,9,5,73,32.6
New Zealand,1,0,3,103,42.300000000000004
"San Diego, CA",1,3,5,0,2.0
"Ontario, Canada ",0,0,5,117,48.300000000000004
Singapore,5,9,9,58,27.800000000000004
"Austin, TX",5,9,9,205,86.6
Noida,5,9,9,104,46.2
"Bangalore,India",2,11,23,16,14.799999999999999
Colombia,2,11,23,79,40.0
Hyderabad,7,5,13,52,26.6
surabaya,8,3,4,44,20.700000000000003
"Gainesville, VA",6,0,0,30,13.2
Makerere University-Kampala-Uganda,3,0,4,82,34.6
Bangalore,11,34,8,30,20.0
"Wroclaw, Poland",2,5,13,135,58.8
Chennai,13,11,5,40,21.2
New York,5,4,8,166,70.2
"Khulna-9203, Bangladesh",20,7,4,113,51.1
HYDERABAD,3,8,5,80,34.9
"Kathmandu,Nepal",12,40,3,125,57.3
Decentralized,19,11,19,428,181.8
India,3,1,16,57,28.3
Greater Noida,3,2,8,100,43.2
Coimbatore,0,0,3,80,32.9
"Ahmedabad , Gujarat , India",0,0,3,69,28.5
India,0,0,14,142,61.00000000000001
Bangladesh,2,57,0,14,11.700000000000001
Stillwater,2,57,0,58,29.300000000000004
Harvard University,3,0,4,76,32.2
"Islamabad, Pakistan",10,16,13,182,80.3
Ghaziabad,0,2,0,88,35.400000000000006
Greater Boston Area,4,3,0,7,3.9000000000000004
greater noida,2,0,0,54,22.0
Bengaluru,2,0,0,57,23.2
Charlottesville,2,2,1,112,45.7
Itajubá - MG,4,1,5,23,11.600000000000001
Guatemala,12,10,1,208,86.9
Ahmedabad,0,0,6,67,28.6
"Mumbai, India",20,41,18,324,143.1
"vijayawada,india",2,3,0,94,38.300000000000004
"Trivandrum,Kerala",2,3,0,95,38.7
Hyderabad,0,0,2,20,8.6
France,4,19,1,10,7.0
Germnay,4,19,1,21,11.4
Barcelona,1,2,0,70,28.4
mumbai,0,6,1,75,30.9
"Hyderabad,Telangana,India",2,1,1,160,64.8
Mysuru,1,2,0,30,12.4
"Banepa, Nepal",0,0,6,83,35.0
"Boston, MA",1,0,5,46,20.1
Bangalore,1,0,5,43,18.9
Hyderabad,1,0,5,57,24.5
Greece,2,1,0,123,49.7
Uberlândia / Brasil,0,9,6,75,32.7
Sweden,2,8,7,45,21.3
India,4,5,5,104,44.4
"130 Descanso Dr, San Jose, 95134",4,5,5,16,9.2
New Delhi,2,10,14,145,63.6
"Chicago, IL",2,1,7,41,19.000000000000004
Toronto,2,1,7,8,5.800000000000001
"Odense, Denmark",0,0,3,203,82.10000000000001
"Recife, Pernambuco, Brazil",3,0,4,62,26.6
"Patiala,India",10,84,96,216,125.6
Ahmedabad,1,3,0,41,16.900000000000002
Melbourne :),0,5,9,13,8.4
"Chicago,IL",4,1,9,41,20.0
Aligarh,10,22,44,204,99.0
"Dallas, TX",10,22,44,60,41.4
"Houston, TX",0,0,7,45,20.1
"Mountain View, CA",1,0,1,141,56.900000000000006
"Plot No. 7 Sector 24, Near Purkhoti Muktangan, Atal Nagar, Chhattisgarh 493661",0,1,4,18,8.5
Bangalore ,1,0,10,24,12.8
"Uttarakhand, India",0,0,6,44,19.400000000000002
"New York, NY",0,0,6,84,35.4
"Boston, MA",1,0,3,177,71.89999999999999
Bangalore,0,3,0,112,45.1
Mumbai,1,0,0,64,25.8
Noida,1,1,0,34,13.900000000000002
Delhi,1,2,5,130,53.9
New York,0,0,1,72,29.1
"No 2 omoyiola area Ido-Osun, Osun State",0,5,1,46,19.200000000000003
kurnool,0,1,1,14,6.000000000000001
"Cardiff, United Kingdom",5,29,48,55,40.3
"La Paz, Bolivia",6,5,61,63,45.2
Belgium,4,8,23,656,270.90000000000003
"Chicago, IL",0,1,6,48,21.1
Hammarsdale (South Africa),0,1,6,82,34.7
pune,2,3,2,61,25.700000000000003
Groningen (The Netherlands),20,7,4,277,116.70000000000002
Chicago,2,3,13,249,104.2
Bengaluru,18,2,6,125,55.6
Bengaluru India,2,5,10,197,82.70000000000002
Karachi,1,2,1,30,12.7
Bala Cynwyd,0,0,1,11,4.7
Lahore,0,0,1,41,16.700000000000003
Nyeri,3,7,10,311,128.70000000000002
Rabigh,2,3,1,33,14.200000000000001
Nigeria,0,1,0,20,8.1
Mumbai,1,0,3,153,62.300000000000004
Mumbai,1,0,3,11,5.5
"Alibag, India",1,1,1,14,6.200000000000001
Tamil nadu,0,1,0,52,20.900000000000002
"Bursa, Turkey",60,89,293,93,146.0
Dhaka,1,16,32,18,18.6
Hyderabad Sindh Pakistan,2,0,1,59,24.3
"Hayward, California",0,11,12,219,92.30000000000001
INDIA,0,4,10,70,31.4
Ratnapura,6,11,4,142,60.300000000000004
Auckland,1,0,0,42,17.0
"Montreal, QC, Canada",2,0,0,89,36.0
"Boston, MA",6,40,132,139,100.4
Bangalore,1,0,17,167,72.1
Boston Massachussetts US,1,17,0,60,25.9
"Kolkata,INDIA",15,1,9,132,58.6
pune,0,14,4,62,27.400000000000002
Greater Noida,0,14,4,89,38.2
Greater Noida,0,14,4,89,38.2
"Hyderabad , Pakistan",12,36,33,133,69.10000000000001
Bangalore,12,36,33,20,23.9
Montreal,13,34,6,85,41.8
Chicago,2,1,0,433,173.70000000000002
"Auckland, New Zealand",2,1,0,14,6.1000000000000005
"Hyderabad, Telangana",8,9,100,35,46.5
"Chicago, IL",3,2,0,180,72.8
"Katraj,Pune",0,0,32,200,89.6
"Chennai, India",2,1,0,72,29.3
hyderabad,1,3,1,33,14.000000000000002
"Edinburgh, UK",0,0,5,27,12.3
"San Francisco, CA",2,2,0,116,47.00000000000001
"Dehradun, Jalandhar",3,3,6,228,93.9
Bangalore,0,0,2,17,7.4
Perú,8,13,49,3141,1274.0
"Melbourne & Geelong, Australia",15,21,43,578,249.20000000000002
Houston Area,0,0,16,382,157.60000000000002
"Bangalore, Karnataka, India",0,5,0,10,4.5
Sri Lanka,0,1,0,132,52.900000000000006
"St charles, MO",0,1,0,28,11.3
Kilimanjaro,1,4,0,5,2.6
"Hassan, Karnataka, India",3,2,10,139,59.4
"Fairfax, VA",3,2,10,16,10.2
Maryland,1,0,4,40,17.4
"Braga,Portugal",4,4,1,74,31.1
Ghaziabad,1,0,1,46,18.900000000000002
Modasa,4,4,4,84,36.0
"Chicago, IL",4,4,4,15,8.4
Chennai,1,6,5,69,29.900000000000002
Hyderabad.,1,6,5,39,17.900000000000002
"Aalborg, Denmark",2,1,0,82,33.300000000000004
"Iloilo, Philippines",15,3,5,2,5.6
"Boston, MA",25,3,281,244,187.2
San Francisco,2,0,0,1342,537.2
"Melbourne, Australia",7,0,22,0,8.0
"Sydney, Australia",4,1,0,15,6.9
"Charlotte, USA",10,3,4,0,3.5
France,7,6,22,172,77.39999999999999
Seoul,5,10,15,0,6.5
Greece,1,0,3,7,3.9000000000000004
"Winter Park (Orlando), Florida",80,75,60,608,284.70000000000005
London,3,2,0,11,5.2
Stony Brook,0,3,0,48,19.500000000000004
"Columbia,United States",2,2,1,99,40.5
New Delhi,52,21,34,0,22.7
Heidelberg,0,0,2,6,3.0000000000000004
"West Lafayette, IN",0,5,8,23,12.100000000000001
Sydney,3,0,1,34,14.500000000000002
"Austin, TX and Princeton, NJ",6,0,0,5,3.2
"Santa Clara, California, United States",3,1,14,357,147.70000000000002
India,6,51,113,14,45.800000000000004
"San Jose, USA",4,3,9,23,13.0
"New York, New York",1,3,1,1,1.2000000000000002
"Santa Clara, CA",19,23,62,157,87.5
"Sydney, Australia",22,31,85,414,198.60000000000002
Brno,0,0,5,360,145.5
"Murcia, Spain",69,35,420,702,424.1
"Pune, Maharashtra, India",6,9,3,708,286.2
San Francisco Bay Area,1,1,5,80,33.8
Bangalore,5,4,1,157,64.5
"khulna,Bangladesh",1,0,0,37,15.0
Ohio,1,2,0,1,0.8
Hyderabad,3,2,1,7,3.9000000000000004
"Jamshedpur, Jharkhand, India",29,12,13,72,39.7
India,5,1,0,61,25.500000000000004
New York City,6,17,5,20,12.4
"Noida, India",73,31,19,133,76.60000000000001
Pune,73,31,19,7,26.200000000000003
"Houston, TX",73,31,19,1,23.8
"Hangzhou,China",1,1,12,0,3.8999999999999995
Bangalore ,1,2,72,7,24.799999999999997
"Washington, DC",73,107,287,291,227.8
"Chittagong,Bangladesh",1,2,1,0,0.7
"Nairobi, Kenya",0,2,0,79,31.8
"Hermosillo, Sonora, MX",5,6,8,49,23.6
FCT-Abuja,1,2,0,945,378.4
"Delhi, India",12,6,18,68,35.6
"Ottawa, Canada",6,3,4,77,33.5
Michigan,0,1,3,131,53.400000000000006
"iran , tehran",1,31,10,38,21.5
Los Angeles,1,31,10,29,17.900000000000002
"Hyderabad, India",9,0,0,98,41.0
"Viladecans, Barcelona",3,11,0,0,1.7000000000000002
"Tampa, FL and India",0,9,1,0,1.2
"Pune , India",7,24,47,9,21.5
Mississauga,1,1,6,0,2.0999999999999996
"Montreal, QC, Canada",2,0,5,6,4.300000000000001
Kigali Rwanda,21,13,0,1311,529.9
"Boston, MA",8,15,27,253,112.4
"Ismalia ,Egypt",8,15,27,39,26.8
Nairobi,3,5,50,135,70.1
egypt,0,1,6,27,12.700000000000001
NYC,3,0,0,10,4.6
New Delhi,2,0,0,0,0.4
"Washington, DC",1,0,0,1,0.6000000000000001
India,2,3,24,84,41.5
"Canberra, Australia",4,7,0,83,34.7
"Barcelona, Spain",53,0,1,472,199.70000000000002
"Athens, WV",53,0,1,6,13.300000000000002
Bangluru,0,0,2,2,1.4
University of Moratuwa,0,0,2,9,4.2
Bangalore,0,2,2,1,1.2000000000000002
"Chittagong,Bangladesh",0,2,2,0,0.8
Pune,1,1,1,180,72.6
"New York, NY",1,1,14,9,8.1
"Kampala, Uganda",8,0,0,615,247.6
"Russia, Armenia",216,6,52,593,296.6
Chennai,6,17,32,47,31.3
Pune,6,17,32,0,12.5
Austin,2,0,18,74,35.4
"Purwokerto, Indonesia",9,14,43,231,108.5
Nashville,4,3,0,12,5.9
India,1,0,0,0,0.2
"Chicago,IL",4,1,9,41,20.0
"Recife, PE, Brasil",8,1,0,111,46.10000000000001
Jakarta,13,0,0,0,2.6
Tijuana,22,21,48,783,334.1
Hyderabad,0,0,8,0,2.4
IIIT Bangalore,58,62,136,752,359.4
Brazil,15,16,51,391,176.3
Bangalore,15,16,51,10,23.9
Indonesia,0,0,1,332,133.10000000000002
Nashville,4,3,0,12,5.9
Hyderabad,14,24,23,18,19.3
Gurugram,13,1,6,135,58.5
"Bengaluru, India",0,2,5,156,64.10000000000001
"Braga,Portugal",4,4,1,74,31.1
"Ranchi, Jharkhand",0,1,1,3,1.6
"Pune, Maharashtra.",12,2,16,108,50.6
Cyprus,3,12,9,89,40.1
IIIT Bangalore,52,36,42,282,139.4
"Boulder, CO",2,3,0,117,47.50000000000001
"New York, NY",14,10,6,3,6.8
"Greater Noida,India ",14,10,6,31,18.0
Netherlands,0,1,0,135,54.1
Bangalore,1,1,1,314,126.2
"Dublin, Ireland",15,12,60,20,30.2
New York City,0,0,6,312,126.60000000000001
London,3,1,0,12,5.500000000000001
"Saint Petersburg, FL",20,24,0,109,50.0
Pune,0,2,1,117,47.300000000000004
Delhi,0,1,7,149,61.800000000000004
"550 Peachtree Street, NE, Suite 1275 Atlanta, GA 30308",0,15,8,30,15.9
Goiânia - GO,5,5,9,4,5.799999999999999
İstanbul,1,1,0,33,13.500000000000002
Mumbai,25,2,28,472,202.4
"BD-188, Krishnapur, Kolkata, North 24 Paraganas, West Bengal",13,158,15,25,32.900000000000006
Bangalore,0,2,4,20,9.4
Sao Paulo - Brazil,62,48,46,581,263.4
Sao Paulo,5,13,5,38,19.0
"Kampala,Uganda",0,0,7,3,3.3000000000000003
Mumbai,0,0,7,1,2.5
Banglore India,1,0,0,36,14.6
"Kathmandu, Nepal",4,40,52,91,56.8
"Halifax, Nova Scotia, Canada",3,1,8,30,15.1
Bangalore,0,1,0,12,4.9
Kochi,0,1,3,62,25.8
Kolkata,0,7,2,87,36.1
"Buea, Cameroon",1,1,1,354,142.2
"Brasília, DF",3,16,8,55,26.6
"Islamabad, PK",3,12,1,179,73.7
"Elizabethtown, NC",0,1,0,259,103.7
Seattle,2,1,6,46,20.700000000000003
"La Piedad, Michoacán, México",1,8,12,153,65.8
"New Delhi, India",1,0,1,48,19.700000000000003
New York,0,0,7,308,125.3
Berlin,8,5,24,2174,878.9
India,8,5,24,113,54.5
California,6,147,662,101,254.9
"New York, NY",3,3,0,309,124.50000000000001
Ankara Turkey,3,7,2,11,6.300000000000001
"Bengaluru, Karnataka, India",6,5,1,56,24.400000000000002
Chennai,2,1,0,19,8.100000000000001
Gurgaon,1,9,1,4,3.0
Faridabad,1,9,1,99,41.0
San Francisco,3,1,6,132,55.300000000000004
"Maharashtra Nagpur, India",1,5,10,46,22.1
Singapore,2,1,0,42,17.3
Pune,2,1,0,399,160.10000000000002
"Colchester, United Kingdom",3,7,0,68,28.500000000000004
Mumbai,9,18,5,119,52.7
Hyderabad,1,0,1,98,39.7
The Great Pacific Northwest,1,0,0,207,83.00000000000001
"Chicago, IL",11,23,73,944,404.0
pune,11,23,73,4,28.0
"India, willing to relocate.",0,1,7,1336,536.6
"Hyderabad,India",0,1,7,47,21.0
"New York, New York",0,4,12,52,24.8
Visakhapatnam,57,1,0,388,166.70000000000002
"Plymouth, United Kingdom",1,1,3,198,80.4
Saudi Arabia,0,1,0,23,9.3
Central America,9,20,8,116,52.60000000000001
"Milpitas, CA",2,10,2,231,94.4
Mumbai,2,12,6,58,26.6
"Mohali, India",6,8,11,169,72.9
Jaipur,6,12,7,120,52.5
Hyderabad,1,2,4,34,15.200000000000001
Mumbai,3,3,24,390,164.1
india,1,20,42,232,107.60000000000001
"No 2 omoyiola area Ido-Osun, Osun State",0,5,1,46,19.200000000000003
"Stockholm, Sweden ",3,5,0,18,8.3
Nigeria,0,0,11,16,9.7
MUMBAI,0,4,4,42,18.400000000000002
solapur,0,0,3,72,29.7
bangalore,1,3,0,44,18.1
Jammu,11,17,45,94,55.0
Baltimore,1,0,0,76,30.6
"Lagos, Nigeria ",0,6,20,37,21.4
Pune,7,13,0,276,113.10000000000001
Germany,4,3,30,216,96.5
Gandhinagar,8,3,1,77,33.0
"Dublin, Ireland",8,3,1,39,17.8
United States,0,0,1,23,9.500000000000002
"#82/24 Shanti Nibash, Barontek (Balur Mat), Dhaka Cantonment-1206, Pallabi, Dhaka, BAngladesh",0,0,1,5,2.3
"Sweden,India ",8,10,18,132,60.800000000000004
New Delhi,5,9,11,515,211.2
"Kolkata, India",5,9,11,5,7.199999999999999
Mumbai,4,7,6,57,26.1
"Mumbai, India",9,17,35,115,60.0
Nyeri,3,7,10,311,128.70000000000002
"Mumbai , India",0,1,0,20,8.1
Pratapgarh Uttar Pradesh,0,0,1,25,10.3
"Falls Church, VA",1,3,61,29,30.400000000000002
Toronto,9,12,19,216,95.10000000000001
EGYPT,13,9,9,52,27.0
"Saskatoon, SK",1,0,0,50,20.2
Banasthali Vidyapith,5,9,13,97,44.6
Chennai,0,0,2,7,3.4000000000000004
Minneapolis,2,2,2,166,67.60000000000001
New York City,7,3,2,214,87.9
"Sweden,India ",8,10,18,132,60.800000000000004
"Delhi, India",0,0,1,50,20.3
Haryana,0,0,1,15,6.3
"Dallas, Texas",0,0,1,22,9.100000000000001
Noida,0,0,1,25,10.3
"Delhi,India",20,18,22,400,172.4
"Cincinnati, OH",0,0,1,19,7.9
"Westport, CT",0,0,1,18,7.5
India,1,3,6,36,16.7
"Brighton, UK",2,20,26,90,46.2
Los Angeles,12,4,10,63,31.000000000000004
turkey,1,1,0,20,8.3
Tokyo,1,0,0,76,30.6
"Andhra Pradesh ,India",3,7,62,232,112.70000000000002
India,3,7,62,6,22.299999999999997
"Brussels, Belgium",0,3,0,25,10.3
"Poland, Warsaw",1,7,2,57,24.3
"Pune, Maharashtra",1,7,2,22,10.3
pune,1,7,2,18,8.7
29115,7,19,21,59,33.2
Bengaluru,0,2,0,26,10.6
"Goa, India",8,13,4,962,388.90000000000003
"Islamabad, Pakistan",0,0,1,93,37.5
"Thessaloniki, Greece",0,0,1,295,118.3
"Sri Sumangala Rd Rathmalana, Colombo,, Sri Lanka",1,9,28,910,373.5
Hyderabad,2,2,3,35,15.5
"Lonavala,Maharashta,India",6,4,23,163,73.7
Barcelona,1,5,1,269,108.60000000000001
"Hartford, USA",1,5,1,7,3.8000000000000003
Houston Area,0,0,16,382,157.60000000000002
pune,0,0,1,38,15.500000000000002
"London, Ontario, Canada",32,25,3,156,72.2
Arinos,4,13,0,206,84.5
São Paulo,4,16,29,47,29.9
Nigeria,0,0,2,148,59.800000000000004
Sri Lanka,0,1,0,132,52.900000000000006
Dublin,0,1,0,67,26.900000000000002
"Kapan, Kathmandu, Nepal",0,0,1,45,18.3
Khulna,0,0,1,4,1.9000000000000001
Columbus Indiana,11,89,630,144,257.7
London,0,0,1,138,55.5
"Dakar, Sénégal",208,521,1900,119,711.3000000000001
Mumbai,3,12,26,184,83.2
