Location,Followers,Following,Stars,Contributions
"Buffalo, New York",8,3,1,7
India,7,10,39,458
"San Francisco, CA",47,14,24,505
"Paderborn, Germany",28,46,99,44
beijing,4,31,26,5
Arizona,13,35,307,115
New York,29,0,10,99
New York,29,0,10,99
4936,33,70,47,1
"Kolkata, India",530,28,344,2067
"Berlin, Germany",13,14,390,627
Bangalore,2,3,3,110
Hamburg/ Germany ,1,1,1,13
"Oakland, CA",110,16,94,62
"Great Rift Valley, Kenya",49,63,118,104
"Stanford, CA",11,1,17,37
"Brisbane, Australia",197,245,291,2291
Chile,19,4,38,18
"Pune, India",29,37,432,150
London,1,0,0,13
"Nottingham, United Kingdom",32,26,9,457
New York,3,0,0,3
"Dublin, Ireland",4,4,4,1
"Charlotte, NC",3,0,0,0
Bangalore ,47,100,227,541
"jaladhar,punjab",26,10,3,272
"Bogotá, Colombia",10,32,36,1
Italy,108,8,10,798
Seattle,7,52,241,2
"Austin, TX",13,27,220,285
"Salt Lake City, UT",0,1,0,0
North America,2,0,1,64
San Diego,3,1,3,15
Boston,15,0,6,28
"Denver, Colorado",15,0,6,6
glasgow,10,16,11,63
"Zhejiang,China",45,56,223,17
Berlin,143,36,188,424
"Barkhamsted, CT",458,6,129,29
Canada,10,10,1,105
Chicago ,3,0,1,0
London,16,59,291,44
San Francisco,7,5,39,37
London,7,5,39,220
Stockholm,4,5,3,415
"Pune, Maharashtra, India",17,10,5,101
Spain,1,1,1,1
Istanbul,99,4,49,863
Halifax,2,4,0,2091
Munich,1,0,12,57
"Milwaukee, WI",0,1,1,63
"Changchun, Jilin",8,30,111,1
"Barkhamsted, CT",458,6,129,29
北京.海淀,4,25,157,0
"Washington, DC",564,9,29,556
Hyderabad,3,2,1,7
"TOKYO-JAPAN, ROK-SEOUL",130,11,168,7756
"Chennai,Tamil Nadu,India",31,29,19,23
"Dublin, Ireland",10,11,2,1
"San Francisco, CA",4,3,15,81
India,1,0,0,0
Delhi,0,0,1,5
"Bloomington, IN",0,1,0,0
Brazil,106,133,423,4938
"TOKYO-JAPAN, ROK-SEOUL",130,11,168,7756
Ghana,12,14,56,0
"Munich, Germany.",12,14,56,9
"Atlanta, GA",5,3,8,0
"Dallas, Texas",4,9,0,3
Kochi,16,34,94,80
TX,2,6,1,0
"Sheffield, United Kingdom",4,4,3,657
Athens,3,2,2,0
"Houston, TX",3,2,2,1
Phoenix,2,3,0,12
Singapore,4,4,15,929
India Kolkata,44,7,47,410
"London, UK",3,4,4,9
"Mountain View, CA",37,0,0,7
"London, UK",78,5,0,66
L1 Cache,54,73,393,2162
Boston,84,15,48,266
"Islamabad, Pakistan",1,14,104,19
London,2,2,5,247
São Paulo,1,5,0,12
Pittsburg CA,1,1,1,7
"Kiev, Ukraine",8,2,0,50
"Saint Louis, MO",40,54,59,128
"Kolkata,INDIA",15,1,9,132
"iran , tehran",1,31,10,38
"Taiwan, Yilan",9,30,698,80
San Francisco Bay Area,3,39,41,0
"Dublin, Ireland",57,22,93,361
UK,1,8,0,1
Malaysia,4,6,2,3
"Milwaukee, WI",0,0,3,41
"Kolkata, West Bengal, India",9,14,10,12
"Ramos Mejia, Buenos Aires, Argentina",0,2,7,5
South Africa,1,0,2,5
BeiJing,2,2,17,23
"Milwaukee, WI",0,0,3,41
"Waterloo, CA",3,2,51,79
Mississauga,1,1,6,0
"Irvine, CA",9,18,36,19
India,9,0,18,32
Mumbai,17,74,54,8
delhi india,1,0,7,4
Chennai,6,11,0,37
Dallas,1,0,0,0
Tijuana B.C mexico,10,8,18,152
"Pune, India",0,1,2,0
"Dhaka, Bangladesh",36,0,1,13
Bengaluru,1,0,0,39
New York city,1,0,3,21
Seattle,61,0,1,259
"HCMC, VietNam",0,0,2,216
Goiânia - GO,59,12,2,72
"Bangalore, India",59,12,2,15
"Zacatecas, México",4,12,14,25
london UK,0,4,13,93
"Kolkata, India",51,14,6,73
Japan,15,21,11,329
Australia,0,0,1,185
"Bangalore, India",0,0,1,0
pittsburgh,8,0,2,0
Hyderabad,3,1,13,53
Toronto,1,0,1,19
"New Delhi, India",15,0,61,646
"Kolkata, India",0,3,4,22
"New Delhi,India",1,1,0,0
Bangalore,6000,0,2,388
tirupati,6000,0,2,6
Dallas TX,0,1,19,0
Gurgaon,8,13,21,116
"Gothenburg, Sweden",8,4,8,6
"Karachi, Pakistan",8,4,8,2
Gurgaon,1,1,0,0
Mumbai | India,1,1,0,1
Stoke on Trent. UK,695,0,19,91
"Jersey City, NJ",2,1,4,134
"Boston , Massachusettes",24,13,1,95
"Jabalpur,India",1,10,29,0
"Tucson, Arizona, USA",0,1,5,73
New Delhi,3,3,14,11
Mumbai,4,5,2,47
"Stockholm, Sweden",0,1,0,59
Kota,0,1,4,18
Knoxville,10,7,142,259
São Paulo - Brasil,5,7,19,2
Ireland,1,2,0,31
Pune,1,3,1,3
Noida Sec-27,6,6,0,126
New York City,1,7,50,135
Hyderabad,14,24,23,18
"Stuttgart, Germany",41,2,32,990
Benguluru,1,1,0,0
"Karachi, Pakistan",12,0,0,21
"Toronto, Canada",78,9,17,772
"Pune, India",2,8,0,110
"Pune, India",4,25,51,95
Bangalore,3,0,0,51
"Dhaka, Bangladesh",0,1,0,26
Singapore,204,250,10,678
Tempe,4,4,9,51
"Brisbane, Australia",0,0,1,89
"Mountain View, CA",37,0,0,7
Sweden,20,2,0,75
COIMBATORE,10,11,13,194
New Zealand,1,0,3,103
"Boston, Massachusetts",1,0,1,12
"Memphis, Tennessee",8,9,16,14
Dhaka,1,8,5,35
Kolkata,17,21,17,11
"West Lafayette, IN",10,16,33,76
Tokyo,2,6,5,989
İstanbul,1,1,0,33
Thessaloniki,1,1,0,117
India,1,3,16,47
Mumbai,25,2,28,472
"Guelph, Ontario, Canada",2,1,2,89
Shanghai,9,30,30,219
"Pittsburgh, PA",16,3,8,168
Switzerland,37,6,1,172
"Harrison,New Jersey",0,1,0,0
United States,0,14,48,27
"Poland, Kraków",38,77,245,1031
"Lille, France",17,2,7,1909
Shanghai,9,30,30,224
"Pittsburgh, PA",16,3,8,168
"Lagos, Nigeria",56,38,176,793
SF Bay Area,6,0,7,1037
Banglore India,1,0,0,36
"Syracuse, New York, US",5,1,7,83
"Pittsburgh, PA",16,3,8,168
"New Delhi, India",95,248,126,228
"DELHI,INDIA",2,3,0,39
India,2,1,0,83
"Lahore, Pakistan",4,10,10,128
"Bengaluru, Karnataka ",68,5,14,1237
Hyderabad,0,0,1,26
Hyderabad,0,1,0,10
Nakuru,10,19,3,108
New York City,1,1,4,814
Israel,1,2,0,74
United States,1,2,0,54
India,5,8,61,5105
India,1,2,0,57
Australia,1,2,0,43
"Wales, UK",824,2,57,2535
"Trichy,India ",13,16,6,451
Hong Kong,14,14,229,583
"Buffalo, New York",1,2,2,222
"Tehran, Iran ",82,281,185,337
Delhi,1,2,3,113
"Haryana, India",1,1,0,51
Australia,1,1,0,89
"Valsad,India",8,5,3,165
"Bhubhaneshwar,India.",2,2,6,59
Île-de-France,18,59,220,657
Hyderabad,1,9,0,18
Chicago,2,3,13,249
Ottawa,1,1,0,83
dhaka,0,0,15,264
"35,000 ft. up in the air ",0,2,2,90
Egypt-minia,3,1,0,38
Bangalore,4,4,0,84
"Lagos,Nigeria",10,34,27,90
Bangalore,2,0,0,53
"Orlando, FL",0,2,0,56
Nigeria,0,12,45,59
Blumenau,65,18,39,270
UK,65,18,39,29
delhi,3,4,0,20
Boston,0,1,0,19
"Clemson, SC",0,1,0,14
New Delhi,1,1,0,84
India,1,1,0,48
Mumbai,307,6,12,375
"Satna, Madhya Pradesh",0,1,6,31
Mumbai,14,7,1,250
Raleigh-Durham,14,7,1,56
"Kolkata, West Bengal, India",13,2,2,188
"Ellensburg, WA",6,8,3,114
Kolkata,0,7,2,87
"Rogers, Arkansas",2,0,1,124
"Boston, USA",2,0,1,7
Freiberg,2,0,1,112
"Pune, India",0,4,6,230
Hyderabad,2,3,0,640
solapur,0,0,3,72
Presidente Prudente - SP - Brasil,6,1,0,322
Bolivia,1,2,1,9
"Lund, Sweden",0,0,5,31
Hong Kong,1,1,0,4
"Durham, North Carolina",2,1,0,26
Bangalore,2,1,0,127
"Chandigarh, India",12,11,0,275
"1721 East Beltline Rd., Coppell, TX 75019",3,4,0,10
Campbellton NB Canada,5,2,0,40
"New Delhi, India",7,8,7,13
"New Delhi, India",7,8,7,31
México,2,0,5,37
"Denver, Colorado",0,1,0,231
"Pune,INDIA",5,2,7,797
Hyderabad,2,1,3,95
"Alibag, India",1,1,1,14
Toronto,6,0,0,57
Patna,10,17,5,151
Hyderabad,1,2,1,10
Sri Lanka,3,0,7,159
Gandhinagar,3,0,7,365
dallas fortwort,0,5,0,36
Bangalore,0,5,0,35
"Cape Town, South Africa",2,6,36,692
"Pune,Maharashtra,India",2,6,36,30
"warrangal,telangana",0,23,0,71
Uruguay,0,23,0,32
United States,2,0,0,36
"Hyderabad,India",1,2,1,139
New York,1,2,1,11
Sweden ,1,2,1,4
"Mumbai,India",1,1,13,45
"College of Engineering And Technology,Bhubaneswar",8,5,8,350
Malaysia,0,1,0,14
"warrangal,telangana",0,23,0,71
Nagercoil,0,23,0,73
Belo Horizonte,0,0,1,22
"Hyderabad, India",0,0,1,87
"Chennai,India",21,22,17,198
"Lake Forest, Illinois, US",1,5,2,37
Greater Noida,0,0,2,56
New Delhi,1,2,6,339
Bangalore,1,2,6,17
Mogi-Guaçu SP,1,0,0,166
Amsterdam,1,10,6,19
"Boston, Massachusetts",0,0,1,40
"Amrita Vishwa Vidyapeetham Amritapuri ,Kollam, India",15,27,31,191
Algeria,1,2,1,40
India,0,0,9,73
"New delhi, delhi",4,12,4,71
Khulna,9,72,5,83
Kota,0,1,4,18
"Thessaloniki, Greece",1,5,0,1159
manipal,1,5,0,105
Internet,17,34,17,276
"Greece, Thessaloniki",7,16,6,954
"Lonavala,Maharashta,India",6,4,23,163
"Melbourne & Geelong, Australia",15,21,43,578
Barcelona,1,5,1,269
VIT Vellore,10,5,192,101
PES University,10,5,192,31
Portugal,2,5,0,72
India,2,50,26,684
Arinos,4,13,0,206
Nagpur,4,13,0,16
Bangladesh,2,0,1,206
"Dublin, Ireland",29,39,10,126
"New Delhi , India",8,13,494,237
"Los Angeles, CA",1,1,1,3
"Minas Gerais, Brazil",0,2,1,184
"Lagos, Nigeria",29,13,41,56
"Tempe, Arizona",12,38,40,1153
Pakistan,29,5,0,93
"Pretoria, South Africa",2,8,78,173
"New York, NY",3,3,10,693
Bangalore,1,0,4,285
Mumbai,3,12,26,184
Germany,8,6,51,98
"Mountain View, CA",19,10,14,20
Montreal,30,27,40,225
"Toronto, Ontario",45,83,45,1
"Russia, Armenia",216,6,52,595
"McKinleyville, CA",216,6,52,0
USA,3,0,0,33
"Greensboro, NC",22,1,23,20
San Jose,22,1,23,0
"Hyderabad, India",22,17,70,51
"Auckland, New Zealand",22,17,70,1
"TOKYO-JAPAN, ROK-SEOUL",130,11,168,7829
"New York, NY",12,80,329,18
United States,10,9,9,114
"San Jose, CA",6,0,19,6
Copenhagen,1,3,5,0
"Cuttack , Odisha , India",13,10,8,81
MUMBAI,0,5,2,1
"Draveil, France",0,0,2,0
"Markhan, ON",1,0,5,28
San Francisco,6,24,23,83
"Montréal, Canada",8,24,8,186
"Pittsburgh, PA",16,18,32,15
India,31,36,347,140
"Philadelphia, PA",12,18,13,99
Exeter ,6,1,0,6
"Budapest, Hungary",6,1,0,0
"Vancouver, Canada",2,0,0,77
"Hyderabad, India",14,25,23,78
Bengaluru,14,25,23,0
Los Angeles,0,1,0,6
"Austin,TX",0,0,1,0
JAPAN,5,16,59,75
"Fortaleza, Ceará, Brazil",113,134,521,1844
bangalore,113,134,521,0
Jamshedpur,5,17,48,0
"Chicago, IL",13,3,129,89
Bangalore,13,3,129,2
Palo Alto,24,9,19,35
"Oulu, Finland. ",3,0,0,51
"Burnaby, BC, Canada",30,0,1,34
"Bhubaneswar, India",1,9,0,0
Chennai,12,134,0,31
Yogyakarta,3,1,0,0
Travelling across the USA,1,2,11,62
"Cincinnati, Ohio, United States",1,0,0,0
Patan,1,1,0,0
Bengaluru,0,2,1,0
"Bellingham, WA",0,2,1,0
GWALIOR,0,0,2,10
"Rochester, NY",0,0,1,0
"Los Angeles, CA",0,1,1,114
Sri Lanka,17,30,130,786
Hyderabad,45,0,98,47
"Portland, OR",4,8,21,0
"Melbourne, Australia",92,8,2,1010
"Chennai, India",1,0,0,19
Israel,44,21,316,2561
Dehradun,1,7,14,7
India,1,7,0,0
"Dhaka, Bangladesh",13,43,28,31
"San Diego, California",4,5,11,2
Jakarta Selatan.Indonesia,18,66,37,8
Hyderabad,2,4,1,0
"New York, NY",62,104,75,412
KITALE,2,7,38,35
Mumbai,2,7,38,3
California,2,7,38,0
"Espoo, Finland",2,7,38,44
"La Crosse, WI",2,0,4,0
Kanyakumari,8,7,5,11
Minneapolis-St. Paul,7,23,122,108
"Dublin 4, Ireland ",2,8,1,0
Nairobi Kenya,91,77,90,1337
Boston,1,10,0,15
"Kamand , Mandi , H.P.(175005)",2,0,0,71
Bangalore,28,13,4,121
USA,26,25,16,511
Bangalore,15,13,25,139
"Seattle, WA",13,14,1,4
Seattle,1,17,0,0
Shanghai,26,37,82,91
Seattle,7,8,33,35
"Beijing, China",100,18,136,357
"Chennai,TamilNadu,India",11,27,104,37
"Toronto, ON",2,1,116,9
Ireland,5,4,4,0
Washington DC,0,1,0,22
Nigeria,3,6,8,0
Nairobi,8,6,2,9
Shanghai,28,42,101,67
"Toronto, ON",2,1,116,9
Ireland,5,4,4,0
"Abuja, Nigeria",5,4,1,24
"Mumbai, Maharashtra",5,4,1,0
São Paulo/SP,0,1,0,0
Kolkata,2,17,3,660
"Steenbeker weg, Kiel, Germany",0,3,0,3
MUMBAI,1,0,3,15
Mumbai,17,74,54,8
New Delhi,2,4,12,32
"Helsinki, Finland.",1,9,3,2
Brazil,15,2,5,24
Portland Oregon,3,0,0,0
Cincinnati,3,0,0,0
hyderabad,21,30,52,93
"Utah, USA",24,16,16,33
Chengdu,7,1,6,60
"Lagos, Nigeria ",0,0,1,2
New York,2,0,1,16
"Austin, TX",11,9,13,0
"Amritapuri,Kollam,Kerala",11,9,13,19
"Barcelona, Spain",43,6,33,2840
Bangalore,3,1,0,2
Ciudad Autónoma de Buenos Aires,2,41,32,737
Rajahmundry,1,1,0,0
"Razole ,East Godavari, Andhra Pradesh",1,1,0,189
Madrid ,1,1,0,0
Japan,15,21,11,329
India,9,16,8,70
"New Delhi, India",17,6,46,99
San Francisco,17,6,46,1
Algeria,1,1,0,53
Vellore,8,8,23,0
Hyderabad,8,8,23,0
"Manchester, UK",8,8,23,0
"Toronto, Ontario",0,0,1,4
"Berlin, Germany",4,0,10,152
Kolkata,2,1,2,0
Delhi,2,1,2,0
"kathmandu,nepal",8,14,4,104
"Jalgaon,Maharashtra,India",7,9,4,40
Jaipur,1,3,0,30
Brazil,1,3,0,35
pune,3,0,3,16
Chennai,563,44,104,3816
Bangalore,2,0,2,0
"Haldia, West Bengal",5,4,1,199
Barcelona,1,5,1,269
greater noida,2,0,0,54
"Falkirk, Scotland",0,0,2,19
India,2,1,2,5
Dallas,1,1,0,17
"Pokhara, Nepal",60,31,268,1894
India,1,0,1,23
"Dallas, TX",1,0,1,1
RAIPUR,0,3,9,23
Cape Town,0,0,7,4
"Delhi, India",10,3,31,194
"Boston, MA",25,12,110,3874
Montreal,1,0,0,4
Faridabad,1,12,1,115
"Medellin, Colombia",9,7,0,889
"Kolkata, India",2,1,7,84
Mclean,1,0,6,23
"Khulna-9203, Bangladesh",20,7,4,113
London,6,13,9,47
"Pune, Maharastra",6,34,2,68
Bengaluru,18,2,6,125
Delhi,18,2,6,13
"Fulda,Germany",2,1,1,7
"New York City, NY",0,3,1,46
"Porto Alegre, Brazil",1,3,0,4
"Brasília,DF,Brazil",0,0,1,46
"Cairo, Egypt",0,0,1,3
"Mumbai, India",1,1,6,27
"Connecticut, USA",0,0,1,24
USA,0,0,2,4
Kingston,6,6,5,76
"Plot No. 7 Sector 24, Near Purkhoti Muktangan, Atal Nagar, Chhattisgarh 493661",0,1,4,18
"Chennai, India",2,5,45,270
Pune,0,7,0,0
"New Delhi,India",1,1,7,12
Izmir / Turkey,2,1,0,127
"Dallas, Texas",0,0,3,0
"Milpitas, California",1,0,0,8
Kingston,6,6,5,76
"Plot No. 7 Sector 24, Near Purkhoti Muktangan, Atal Nagar, Chhattisgarh 493661",0,1,4,18
"Chennai, India",2,5,45,270
Greece,2,2,1,33
"Dhaka,Bangladesh",27,42,61,299
"Türkheim, Germany",14,5,16,831
Hyderabad,0,1,2,152
Bangalore,1,1,1,29
"Dhaka, Bangladesh",0,3,1,51
"Bali, Indonesia",25,14,34,134
"Boston, MA",2,2,0,35
India,15,28,75,982
Kolkata,0,1,2,52
"Mexico City, Mexico",0,1,2,121
LUDHIANA PUNJAB,5,39,30,21
Noida,5,4,3,182
Delhi,0,0,2,76
Ottawa,2,3,0,248
Vellore,0,0,36,282
India,6,1,0,69
denton texas,6,1,0,26
Kolhapur,6,1,0,86
İzmir Turkey,2,2,1,6
"Tucson, Arizona",10,15,5,197
Bay Area,5,5,6,522
Pittsburgh,0,1,2,59
"Cairo, Egypt",5,11,20,86
"Mathura, India",5,9,13,76
"Medellin, Colombia",1,1,0,236
India,0,0,1,67
"Mumbai, India",0,3,33,26
Japan,1,0,0,36
Singapore,1,1,0,18
"Macomb, Illinois",1,1,0,11
Chandigarh,2,45,0,40
Delhi,1,6,3,12
Pune,1,15,5,22
Germany,1,18,9,36
"Mumbai, India",3,0,8,134
"Kolkata,India",14,20,39,187
"Chicago, IL",3,226,7,154
Faridabad,3,226,7,25
Saudi Arabia,0,1,0,23
"Bangalore, India",1,1,13,175
vit vellore,18,13,18,597
Modinagar,2,0,3,125
"San Jose, California",1,0,0,14
"Grand Rapids, Michigan",1,0,1,28
Dallas,0,3,14,53
India,0,0,5,235
New Delhi,0,0,4,30
Pune,0,0,4,12
Bangalore,2,1,0,7
Islamabad,5,13,2,92
Ahmedabad,1,2,10,72
"Bengaluru,Karnataka",1,2,10,10
"Delhi,India",0,5,4,54
Groningen (The Netherlands),20,7,4,277
Lagos,1,1,4,714
Chennai,9,13,3,72
Singapore,2,0,0,295
New Delhi,0,5,1,33
India ,2,9,31,367
"Nagpur, Maharashtra",2,1,9,445
Trabzon,3,6,4,78
Ciudad de México,17,12,3,67
Pakistan,29,5,0,93
"Lagos, Nigeria",7,2,1,499
Pratapgarh Uttar Pradesh,0,0,1,25
Chennai,1,0,0,81
Pune,2,5,0,35
"Kanpur,India",9,4,27,1056
Pune,3,4,2,33
"Houston, TX",0,1,16,64
Pune,1,1,0,53
"Ballari,Karnataka",7,19,10,12
Bengaluru,0,6,4,37
New Delhi,0,6,4,230
"Seoul, South Korea",22,28,19,545
visakhapatnam,3,2,0,41
Minneapolis,2,2,2,166
Istanbul,5,17,49,183
Munich,0,0,1,94
Pakistan,0,0,3,12
Pune,0,0,9,23
Medellin - Colombia,1,2,6,33
"Minas Gerais, Brasil",1,2,6,48
Bogota,0,0,7,29
Sylhet,1,8,8,141
Hyderabad,1,8,8,62
Greater Noida,2,2,0,33
"Brunswick, Melbourne",2,2,0,25
01101001011100100110000101101110 ,1,37,14,440
"Satara, Maharashtra",0,0,3,14
jaipur,0,0,5,56
"Muzaffanagar, India",0,0,5,45
"Bebek,Istanbul",0,0,1,11
"New York, NY",2,9,0,98
"Pune,Maharashtra,India",0,1,0,132
kolkata,7,22,3,426
Ahmedabad,0,0,8,17
"Dublin, Ireland",3,5,0,53
India,1,1,3,102
Berlin,2,7,3,12
"Los Angeles, CA",5,5,4,399
Colorado,3,19,14,104
"San Miguel de Tucuman, Tucuman, Argentina",2,8,25,767
São Paulo,0,0,2,31
London,1,2,0,10
Kilimanjaro,1,4,0,5
Kolkata,1,4,0,28
Toronto,0,1,0,19
"Vijayawada,India",18,5,34,806
"Seattle, Washington",2,29,22,140
"Lagos, Nigeria",2,0,1,5
Salem,2,0,1,7
"Kula Lumpur, Malaysia",2,10,6,89
Beijing,0,3,0,79
sector 35 b chandighar,7,6,45,77
Kolkata,3,5,1,220
Bangalore,1,0,1,50
"San Francisco, CA",0,0,5,18
Cincinnati,1,2,0,74
"DELHI, INDIA",0,0,1,30
"Charlottesville,VA",0,0,10,68
"Ilorin, Kwara State",7,2,25,150
new delhi,6,64,69,259
"Raipur, India",2,11,10,45
Pune,1,16,1,105
beijing,4,31,26,5
Bangalore,12,60,18,202
"Kingston, ON Canada",2,11,14,0
Baierbrunn / Germany,2,11,14,23
Bangalore,3,24,37,23
"Lima, Perú",1,2,0,7
"Fredericton, NB Canada",1,2,0,0
Singapore,12,0,51,28
"Swansea, Wales, United Kingdom",14,2,35,1556
Washington,3,2,2,2
"Buffalo, NY",2,3,0,0
London,26,25,9,2
glasgow,10,16,11,63
Los Angeles,10,16,11,0
"Cambridge, MA",1,1,4,13
"Boston, MA",39,19,97,323
"Bethpage, NY",1,2,1,78
Charlotte ,2,33,0,0
Bengaluru,23,0,5,375
"Shenzhen, Guangdong, China",11,0,57,401
New Delhi,5,24,9,2
"New Delhi,India",19,26,5,3
Hyderabad,41,38,61,495
KITALE,2,7,38,36
"Ann Arbor, MI",2,0,0,0
AK>OR>FRANCE>NY>OR>WA,2,2,4,1
"Earth, North America, U.S., Southwest, New Mexico, Albuquerque ",19,28,36,2
Goa,4,5,26,12
"Eagan,Minnesota-55123",4,5,26,0
Germany,2,2,1,27
India,0,0,1,13
"Portland, Oregon",18,26,93,198
"Shreveport, Louisiana",4,1,3,2
Hyderabad ,11,1,1,0
bangalore,11,1,1,1
"San Francisco, CA",2,4,0,0
fuzhou,17,10,47,0
India,1,7,0,0
"San Luis Potosi, Mexico",10,0,15,62
Madrid,20,1,17,796
Palestine - gaza,12,15,38,19
Mumbai,46,6,21,212
Chittagong,46,6,21,0
Ghaziabad,4,1,16,92
"Indore, MP, India",7,7,14,6
Ahmedabad,0,1,0,0
"Sarajevo, Bosnia and Herzegovina",1,0,6,64
São Paulo,50,4,0,7
Mexico City,1,1,0,0
"Riyadh, KSA",1,1,0,0
United States ,8,12,18,132
Nigeria,9,8,28,1392
"Bengaluru, India",15,10,8,13
"Leicester, UK",2,0,0,2
New York,1,2,4,14
Lisboa,7,17,4,35
"Dhaka, Bangladesh ",0,1,0,285
Hong Kong,1,2,69,8
Salt Lake City,3,0,10,31
"Jahangirnagar University, Dhaka, Bangladesh",1,11,0,35
"Oxford, UK",44,4,7,25
Hyderabad,0,1,0,10
London,30,0,7,80
Sydney,1,0,0,5
"Providence, RI",9,12,188,96
"New York City, USA",4,0,0,3
India,8,51,31,109
"Belfast, United Kingdom",1,0,3,0
"Porto, Portugal",11,1,2,59
London,30,0,7,80
Sydney,1,0,0,5
"Irvine, CA",8,87,5,1
"Jakarta, Indonesia",387,13,24,454
"Tokyo, Japan",1,2,4,0
India,6,51,116,199
Mumbai,17,74,54,8
"Boston, United States",1,0,0,44
Singapore,3,7,3,37
France,3,0,0,0
"Dhaka,Bangladesh",3,0,0,0
"Wrocław, Poland",9,3,3,585
Germany,4,4,7,5
"Austin, TX",6,11,9,877
Bangalore,2,2,0,0
Pune,2,1,27,306
Washington DC,0,1,0,22
"Central Luzon, Philippines",0,1,0,0
Porto,0,1,3,0
United States,3,4,0,211
Washington DC,33,54,109,36
"Peterborough, UK",33,54,109,0
Lyon,2,4,19,12
Japan,15,21,11,329
Singapore,12,16,241,1576
Kenya,8,4,8,335
Berlin,1,0,5,38
"Bangalore,Karnataka",16,0,3,139
India,0,0,6,20
"Bhubaneswar, India",6,0,0,0
"Nancy, France",52,47,693,100
"Brisbane, Australia",1,0,0,10
"Hawthorne, CA",5,6,49,2538
Coimbatore,1,0,0,0
"Nagpur ,India",0,1,0,7
UK,0,0,1,38
Dublin,4,8,10,126
San Jose,6,7,1,29
"Purok 25 Zone 10, Curvada, Ma. Cristina, Iligan City",0,1,0,46
Bangalore,0,5,0,8
Bangalore,19,42,12,157
Aalborg,19,42,12,0
Visakhapatnam,0,0,39,306
"Dhaka, Bangladesh",3,9,5,502
"Dhaka, Bangladesh",18,37,13,105
INDIA,4,20,1,57
"Santa Clara, CA",14,25,23,93
"Bangalore, India",6,3,76,1
Delhi,2,1,1,23
"Dehradun, Uttarakhand, INDIA",3,6,5,79
Knoxville,0,6,17,39
Bangalore,1,14,1,37
"Hyderabad, Telangana",1,14,1,0
"Bongard Center, Tauranga",4,0,0,1
Bangalore,0,0,11,32
Pune,3,5,4,76
"Hyderabad, India",2,37,9,202
Berlin,2,0,0,5
Brazil,3,1,0,0
Gurugram,0,0,4,29
"Accra, Ghana ",7,9,4,806
Poland,8,0,29,1021
"Querétaro, MEX",1,0,2,37
"Lima, Perú",55,35,255,133
Canada,2,6,0,44
Russia,6,5,4,24
New York City,3,2,2,154
Belgaum,2,4,4,35
London,3,4,10,3
London,1,1,0,63
"Pune,India",1,0,0,69
Bangalore,1,0,0,19
Taiwan,2,5,1,40
Bangalore,1,0,4,36
"Panjab University, Chandigarh",3,4,0,1
San Francisco,1,0,0,0
Berlin,1,4,36,394
"CLOVIS, CA",0,0,7,71
Taiwan,2,5,1,40
Bangalore,1,0,4,36
New York,1,0,0,320
"Wales, UK",824,2,57,2535
Karachi Pakistan,6,4,1,436
New York,6,4,1,4
Ghana,0,2,12,75
"Milan, Italy",0,2,12,236
"Akwa Ibom, Nigeria",30,34,24,308
Basque Country,1,0,1,116
Bangalore,1,0,1,17
"Ranchi,India",6,12,17,156
Bangladesh,1,2,1,65
"Kathmandu, Nepal",3,6,0,201
"Vellore, Tamil Nadu",10,15,18,261
"Nairobi,Kenya",22,31,26,198
"Auckland, New Zealand",2,1,0,64
nanded,32,46,38,438
Canada,32,46,38,20
delhi,32,46,38,27
"Denver, CO",32,46,38,25
South Korea,5,24,67,350
San Francisco,5,24,67,105
"San Francisco, CA",0,7,25,77
"Delhi , India",1,8,26,24
Joypurhat,1,8,26,28
Canada,1,6,18,74
"Banglore,India",0,11,17,189
London,2,12,73,143
"Bangalore, India",1,18,0,35
"Pune, India",1,18,0,128
"Charlotte, NC",1,1,1,46
Gurgaon,5,1,0,18
"Delhi, India",5,1,0,31
Pune,1,1,0,18
India,0,0,1,6
India,1,1,0,43
"Chicago, IL",0,0,1,20
Indore -> Delhi,3,4,0,83
New York,3,4,0,12
"Salem, Tamilnadu, India",2,3,0,23
Vellore Institute Of Technology,2,2,1,75
India,0,0,1,67
Austin,8,5,6,1386
"Austin, TX",3,1,2,7
Rio de Janeiro,0,4,5,94
"Houston, Texas",76,0,20,267
"Chittagong,Bangladesh",4,0,5,63
"Kolkata, India",15,11,62,487
"26.1445° N, 91.7362° E",6,46,32,236
Bengaluru,29,39,78,341
MUMBAI,29,39,78,5
"Hyderabad, India",29,39,78,11
New Delhi,1,2,4,82
Delhi,0,1,20,56
Costa Rica,2,1,13,1113
Srinagar,0,0,1,34
"Bihar, India",2,4,26,388
Monterrey,12,25,9,246
San Francisco,12,25,9,8
"Dhaka ,Bangladesh",3,0,4,242
Bangalore,0,0,1,32
Bangalore,4,4,2,102
Bangalore,4,4,2,20
New Delhi,5,3,12,242
"Ilorin, Kwara State",7,2,25,150
"Austin, Texas",0,2,0,11
Bangalore,4,21,7,118
Sri Lanka,176,0,94,90
India,1,1,4,25
Brazil,4,3,26,200
Faridabad,1,12,1,115
jaipur,2,0,1,241
"Houston, TX",8,26,3,721
Erlangen,10,15,12,807
India,9,13,93,1523
"Khulna, Bangladesh",1,0,0,25
EGYPT,13,9,9,52
Gurugram,0,1,0,115
Mumbai.Maharashtra,0,0,1,24
"Roorkee, Uttarakhand",1,1,3,55
Tuticorin,4,8,31,474
New Delhi,2,26,48,91
Seoul Korea,2,12,24,418
"Nagpur , Maharashtra",7,7,1,172
Poland,1,1,0,80
"New York, NY",5,9,0,124
Aligarh,10,22,44,204
"Kolkata, West Bengal, India",2,2,13,129
Hyderabad,0,1,0,111
"Niterói, RJ",0,0,1,58
"Cracow, Poland",1,1,2,35
Odisha,6,8,12,517
"São Paulo, Brasil",6,3,2,70
"New Delhi, India",6,3,2,39
kakinada,2,2,2,30
Visakhapatnam,2,2,2,56
"Waterloo, Ontario, Canada",17,13,71,71
PUNE,2,6,24,148
Colima Mexico,7,5,7,93
"Seattle, WA",12,16,4,19
Bengaluru,0,3,0,46
"Botucatu, SP, Brazil",0,7,1,62
Nilai,0,7,1,3
Lisbon,35,64,69,330
B.Tech Final Year Student,1,5,0,41
Saudi Arabia,1,5,0,11
Malang,1,0,0,35
Malang,1,0,0,35
"São Paulo, Brazil",1,0,0,222
Nellore,1,0,0,3
"Vidisha, Madhya Pradesh",1,2,2,39
"Vista, Ca",1,2,2,50
egypit,1,2,2,18
India,0,3,0,33
"Dhaka, Bangladesh",8,0,0,44
Bangalore,2,3,0,24
"Bogor, Indonesia",2,1,0,19
Mumbai,1,3,1,50
"Jeddah, SA",9,4,3,3
Bengaluru,0,0,5,46
London,3,5,9,279
Tuticorin,4,8,31,471
"Sunrise, FL",1,1,6,366
Hyderabad,1,1,6,3
Hyderabad,4,0,1,19
Russas,13,11,11,196
Madrid,80,10,33,45
Hamburg/ Germany ,1,1,1,13
"Bhaktapur,Nepal",1,5,4,4
"Boston, Massachusetts",14,12,19,0
Madrid,19,45,878,15
"Chicago, IL",4,5,9,7
Stanford,1,0,0,0
"Columbus, Ohio",1,1,4,16
"Warsaw, Poland",6,3,9,112
"Clemson, SC",3,5,12,1
Gainesville,1,0,0,8
Colombo - Sri Lanka,7,19,109,57
Saaaaan Francisco San Francisco San Francisco,7,19,109,0
Istanbul / TURKEY,0,0,1,20
delhi,0,0,1,2
São Paulo - Brasil,0,0,1,0
Singapore,1,0,11,0
India,0,0,2,0
Mumbai,0,4,6,8
"Missoula, MT",0,4,6,0
"Huntington Beach, CA",96,38,153,1253
"4913 Rufe Snow Dr, Ste 101A North Richland HIlls, TX 76180",96,38,153,0
Utah,15,8,95,47
New York,1,8,0,2
"Vadodara, India",3,5,10,1296
India,7,8,21,86
India,0,0,2,0
Ireland,0,0,2,0
India,13,12,6,917
Spain,0,0,1,5
"Seattle, WA",10,4,10,217
AK>OR>FRANCE>NY>OR>WA,2,2,4,1
Nagpur,12,8,2,17
italy,4,2,10,0
India,0,0,2,0
New Delhi,1,0,2,0
"Seattle, WA",95,7,73,189
Bangalore,95,7,73,0
Berlin,12,8,569,0
Switzerland,1,0,0,7
"Seattle, WA",60,62,507,36
"Leeds, West Riding, UK",29,0,4,1073
istanbul,7,9,25,49
127.0.0.1,25,296,2000,478
Tromsø,2,3,6,210
China,0,9,48,3
"Chicago, IL",3,11,31,10
"Chennai, Tamilnadu, India",10,76,0,12
New Jersey,0,1,0,0
India,39,73,22,79
London,1,6,1,104
mumbai,1,6,1,0
Germany,5,0,2,56
"Cairo,Alexandria",9,91,42,1
"Pune , Maharastra",4,9,18,0
Berlin,33,63,58,488
Hong kong,33,63,58,3
"Athens, Greece",33,63,58,17
"Copenhagen, Denmark",11,55,326,1052
"New York, NY",1,0,1,0
"Wales, UK",824,2,57,2534
"Los Angeles, California",2,2,1,11
"Boston, United States",1,18,1,0
"Los Angeles, CA",2,1,0,11
"madison, wi, us",0,2,4,0
"Delhi, India",27,81,46,126
"Fullerton, CA, USA",2,0,1,10
"Orlando, FL, USA",8,5,7,1
"Berkhamsted, United Kingdom",8,5,7,2
India,0,0,2,0
Pittsburgh,0,0,2,0
"New Delhi, India",2,1,0,8
"New Delhi, India",2,2,2,11
"Cambridge, United Kingdom",2,2,2,1
india,0,1,0,0
İstanbul,0,1,0,0
Mumbai,17,74,54,8
Tijuana B.C mexico,10,8,18,152
"New York, NY",5,0,6,318
Fairfield CT,4,2,1,19
"Nairobi, Kenya",35,25,69,347
Washington DC,2,1,0,3
"Pune, India",25,109,1200,0
Kenya,111,63,82,40
"Razole ,East Godavari, Andhra Pradesh",111,63,82,189
China,6,12,59,1362
Bangalore,3,1,0,2
Munich,3,1,0,1
"Taunggyi, Myanmar",16,2,74,165
Noida,4,8,16,185
Germany,2,0,0,181
"Mumbai, India",3,5,1,0
Dhanbad,12,28,23,109
USA,4,4,6,3
India,1,2,0,0
"Montreal, QC",2,0,0,0
Boston,2,0,0,0
"30 Finderne Ave, Bridgewater, NJ 08807",0,0,5,70
Bangalore,0,3,1,3
"Peru, Lima",24,36,57,261
"Austin, TX",10,7,8,476
Gurgaon,20,37,14,42
"Nagpur ,India",0,1,0,7
Dhaka,1,3,11,78
"Purwokerto, Indonesia",9,14,43,231
Pakistan,145,4,32,754
Brazil,8,7,44,23
London. United Kindom,8,7,44,28
Chennai,6,14,4,49
"New Delhi, India",2,0,22,226
Pune,0,2,2,17
"London, United Kingdom",0,2,2,0
Australia,3,3,1,0
Boston,0,1,0,17
seoul,1,0,10,75
Bangalore,1,0,10,17
"Bergen, Norway",35,61,295,24
"Canada, Edmonton,AB",1,6,15,13
"Rio Grande do Sul, Brazil",1,6,15,33
"Boston, MA",1,0,2,193
"Denver, CO",7,1,3,605
Bangalore,2,7,2,47
Bangalore,2,7,2,0
"Chennai,India.",19,4,8,91
"Boston, MA",2,0,0,22
salem,1,42,0,9
"Bangalore, India",4,0,14,67
"Gwalior, M.P. (India)",2,5,0,54
"Mérida, México",2,5,0,10
Gliwice,8,11,0,32
Bengaluru,0,4,0,152
"Lagos, Nigeria",15,19,2,426
"Ottawa, Canada",15,19,2,4
"Pudong District, Shanghai, China",1,0,0,2
"Saudi Arabia, Hail ",2,4,0,6
"Nairobi, Kenya",2,1,1,62
"San Francisco, California",0,5,4,47
"Wroclaw, Poland",2,5,13,135
Oslo,0,6,4,15
"Milan,Italy",14,4,28,101
"London, UK",1,0,0,2
Poland Częstochowa,1,0,0,73
"Indianapolis, Indiana, United States of America",1,0,0,0
"Ukraine, Lviv",13,14,0,260
"Indianapolis,USA",3,1,0,0
"Berlin, Germany",4,56,461,6
Oslo,0,6,4,15
"Bratislava, Slovakia",7,10,16,1021
United States,4,18,7,161
Hyderabad,1,10,4,88
"Montevideo, Uruguay",0,0,1,7
Morocco,0,2,0,22
Bengaluru,21,14,1,228
India,10,4,0,55
Paris,10,4,0,22
India,1,3,0,57
"Lynwood, Washington",7,9,7,10
"Ohio, United States",1,1,1,9
Mumbai,2,3,9,371
Hyderabad,4,14,0,57
Denmark,0,1,1,132
India,4,17,2,637
"Electronic City, Phase-2, Bengaluru",2,6,1,31
Bangalore,1,20,0,48
New Delhi,5,20,0,264
Kurunegala,7,7,1,9
"Sydney, Australia",0,2,0,59
India,0,2,0,113
Norway,0,0,31,57
India,0,2,4,59
Bangalore,0,7,5,20
"Atlanta, GA",0,1,0,89
Dehradun,3,2,0,167
"Boston, USA",0,1,0,6
"San Francisco, CA",0,2,0,77
"Haryana,India",82,82,219,856
Dallas,4,15,8,116
"San Francisco, United States",30,2,68,617
São Paulo - Brasil,8,44,5,105
Aligarh,8,44,5,23
Lucknow,3,15,30,49
"Dhalamsala, India",1,10,3,59
Hyderabad,0,2,1,28
Los Angeles,0,0,1,68
Pune,0,16,0,124
"Bhubhaneswar, India",23,12,46,214
"HO, Tx.",1,1,0,81
Mumbai,11,25,84,619
"Surat,Gujarat,India",0,3,17,97
"Tiruppur, india",2,13,1,133
Fortaleza - CE,1,7,0,21
India,1,7,0,168
India,1,7,0,5
new delhi,8,16,9,289
Denmark,4,6,3,140
Mumbai,1,2,0,114
Pune,1,2,0,227
Singapore,0,0,7,123
Hyderabad,0,1,1,51
Greece,2,3,0,2
"Eugene, OR",5,5,14,16
London,5,5,14,5
Kupwara kashmir,3,49,8,233
Kolkata,6,5,8,318
Bangalore,3,0,9,263
jaipur,3,0,9,27
Mumbai-India,3,0,9,47
"Karachi, Pakistan",19,123,0,41
Toronto ,4,5,0,62
Malaysia,0,1,2,89
Pune,22,4,0,69
Hyderabad,2,0,2,199
Netherland,26,17,17,118
Minneapolis,2,2,2,166
Dubai,1,19,51,391
United Kingdom,32,13,10,159
Pune,1,3,1,81
Mumbai,1,1,12,26
"Pune,India",1,1,12,17
Kolkata,2,3,7,64
Piscataway NJ,8,12,20,667
Malaysia,0,0,3,46
"Nagpur, Maharashtra, India",1,2,0,35
Hyderabad,2,0,2,199
Delhi,0,1,0,131
"Kathmandu, Nepal",1,1,0,5
Bengaluru,5,18,104,160
Greater Noida,5,18,104,89
Jakarta - Indonesia,0,1,0,24
"Vail, CO",0,1,0,87
Hungary,1,1,5,4
INDIA,0,1,1,39
Mumbai,13,71,168,490
Hyderabad,2,0,0,85
B.Tech Final Year Student,1,6,0,67
Oakland,1,6,0,85
"Aalborg, Denmark",2,3,0,79
Hyderabad,2,3,0,15
India,9,16,40,383
New Delhi,0,0,4,41
Pune,0,0,4,399
Bangalore,1,5,1,79
Yogyakarta,6,8,1,38
"Kolkata , West Bengal",5,3,2,57
"Jaipur, Rajasthan, India",2,1,4,134
India,14,23,748,321
Beijing,0,3,0,79
New Delhi,0,13,2,32
"Los Angeles, CA",0,13,2,100
"California, USA",7,14,37,196
"Chennai,India",3,14,1,55
Pakistan,29,5,0,93
India,2,14,0,53
Chennai/Dublin,24,3,37,833
"Austin, Texas USA",1,0,0,0
"Lisbon, Portugal",8,10,5,0
United Kingdom,1,0,0,0
India,0,0,24,0
"Great Rift Valley, Kenya",49,63,118,104
"NC, USA",1,0,2,0
"Cuiabá, MT",27,13,4,74
Karachi,67,546,567,5
DELHI,1,0,0,22
israel,5,19,41,1
"San Francisco, CA",7,1,2,5
India,4,2,1,5
"Seattle, WA",18,15,43,555
California,18,15,43,0
Ottawa / Cairo,3,6,15,443
Delhi,5,7,0,542
"Tampa, Florida",5,7,0,0
Chile,19,4,38,18
Heidelberg,0,2,2,0
Illinois,5,14,5,0
Mexico,215,8,9,553
Dallas,215,8,9,0
"Philadelphia, PA",215,8,9,0
"chennai,TN,India",3,5,3,10
"Stony Brook, New York",1,6,24,0
hyderabad,3,0,2,0
Pune,0,13,1,0
China Shanghai,0,2,2,9
Delhi,12,5,28,0
"Tempe, Arizona",10,30,122,0
Racine,3,4,1,0
"Toronto, Canada",42,84,1500,496
"New York, NY",1,0,0,3
"Jakarta, Indonesia",26,42,103,2
Bangalore India,26,42,103,0
"Seattle, WA",95,7,73,189
"Anantapur,Andhrapradesh",33,5,41,277
"New York, NY",2,16,18,17
Hyderabad,8,3,0,0
Maringá - Paraná - BR,3,2,5,0
"Philadelphia, PA",11,16,107,18
"Dallas,Texas",2,47,24,0
Banglore,14,111,6,3
Mumbai,4,14,200,0
San Francisco Bay Area,5,13,15,23
Kyiv,2,1,0,36
"Bangalore, India",17,20,35,485
Bangalore,0,1,1,7
"Ontario, Canada",0,1,0,13
Argentina,5,13,6,348
"Southbury, CT",0,5,0,0
"Paris, France",29,6,8,15
São Paulo,0,1,0,0
"89 Bir Uttam CR Datta Road, Dhaka, 1205, Bangladesh",1,0,1,3
Hyderabad,1,0,1,3
NIT HAMIRPUR,8,2,4,4
Los Angeles,6,7,21,42
"Francavilla Fontana (BR), Italy",6,7,21,0
"Lagos, Nigeria",7,9,2,123
"Mesa, AZ, USA",2,2,0,2
Delhi,1,3,1,17
Bangalore,1,3,1,0
"Dublin, Ireland",4,4,4,1
Ireland,1,4,0,26
Hyderabad,7,16,29,0
Bangalore,7,16,29,0
Mbarara,12,14,2,1
mumbai,12,14,2,0
New delhi,23,73,87,106
Paris,3,8,11,80
Trivandrum,4,9,4,99
"Calgary, Canada",3,3,2,15
"Dhaka,Bangladesh",62,1,19,46
"Houston, TX",62,1,19,3
"Wageningen, The Netherlands",0,3,1,158
Germany,3,4,0,0
"Lagos, Nigeria",11,18,64,78
Montreal,4,4,3,56
Dehradun,7,2,16,155
"Jaipur, Rajasthan",26,14,31,117
"Mumbai, India",1,1,0,3
"Vienna, Austria",7,11,6,384
"Dhaka, Bangladesh",3,3,0,2
"New York, NY",4,10,3,16
"Tokyo, Japan",4,0,3,55
"Dhaka, Bangladesh",4,0,3,0
Melbourne,1,1,1,24
Greater Noida,146,0,0,105
"Kampala, Uganda",4,1,1,334
"Kirkel-Altstadt, Germany",6,1,78,308
"Aachen, Germany",5,18,3,57
"new delhi, india",1,4,0,21
"Amman, Jordan",9,8,42,109
Houston Texas,2,0,0,24
"Nairobi,Kenya",56,49,10,193
"Zhytomyr, Ukraine",0,1,4,167
"Zhytomyr, Ukraine",0,1,4,167
"Washington, DC",1,0,6,18
Delhi,16,15,10,210
"Sarpsborg, Norway",0,1,1,8
Philippines,7,10,1,1
Mumbai,2,0,0,25
NEW DELHI,15,13,56,344
Singapore,3,4,26,32
"Nairobi ,Kenya",1,1,1,4
"Dhaka, Bangladesh",0,1,0,26
Neiva - Huila,1,1,1,273
"Detroit, USA",5,2,0,7
"Sari, Iran",0,14,7,4
Russia,3,9,1,105
India,0,1,8,192
Houston,7,12,3,161
"Palo Alto, California",7,12,3,3
"London, UK ",0,6,0,61
New York,10,14,15,184
USA,3,9,22,90
"hyderabad,india",1,1,2,7
"Nairobi, Kenya",16,25,11,263
Belém - Pará - Brazil,9,3,35,122
Casablanca,0,0,1,6
Thessaloniki,1,1,0,117
Chicago,13,29,77,253
Hyderabad,2,5,24,39
Kraków,12,8,4,596
"Haryana, India",7,5,5,45
NY,0,1,0,4
"São Paulo, Brasil",2,4,0,1
"Andhra pradesh,India",0,0,9,25
"Naperville, IL",10,6,16,109
Kathmandu,30,38,461,114
Bangalore,30,38,461,19
NY,0,1,0,4
Banglore India,1,0,0,36
California ,6,23,4,115
"Zurich, Switzerland",2,2,2,339
"Patiala, Punjab (India)",1,13,5,122
"Kolkata, India",4,9,78,208
India,16,3,2,98
Mumbai,1,4,0,23
"Huntsville, AL",1,4,0,2
"Lynwood, Washington",7,9,7,10
Jodhpur,7,9,7,2
Chennai,0,0,3,62
"Sylhet,Bangladesh",52,264,18,72
"Abuja, Nigeria",5,4,1,24
India,1,3,14,92
İstanbul ,35,29,2,331
"Chennai, India",0,4,9,75
Norway,0,0,31,57
"Hammond, LA",5,8,8,286
"Brisbane, Australia",101,119,626,889
PUNE,101,119,626,26
India,0,3,0,89
Hyderabad,4,8,23,42
Manipal,4,8,23,53
"Bhubaneswar, India",11,15,8,71
"Chicago, IL, USA",1,1,0,108
New Delhi,1,14,47,104
"Washington, DC",0,0,3,7
"Kathmandu, Nepal",1,1,0,5
İstanbul,0,0,1,38
Bengaluru,0,3,16,36
"MD, USA",2,0,0,92
India,2,0,0,123
"Istanbul,Turkey",1,0,3,38
"Athens,Greece",2,0,0,112
"Pune,India",1,0,0,69
"Bangalore,Karnataka,India",4,3,11,95
India,1,1,2,489
Bangalore,22,7,19,164
HK,1,0,9,71
"Brooklyn, NY",2,2,0,119
New Delhi,5,9,5,129
"Jaipur,Rajasthan",1,5,47,178
Noida,1,1,0,34
"Leiria - Lisbon, Portugal",8,15,27,88
"MUMBAI ,INDIA",5,14,34,138
"26.1445° N, 91.7362° E",6,46,32,236
Manchester,0,4,10,68
San Francisco,0,0,3,65
Waterloo Canada,1,2,1,45
New Delhi,2,2,11,61
https://www.linkedin.com/in/anjaligarg30,2,2,11,44
"Mumbai,Maharashtra,India",0,4,0,108
Chile,1,3,0,110
"Berlin,Germany",3,19,0,65
"Wonju, Korea",3,4,0,284
"Chingford, London",1,2,1,36
"Melbourne,Australia",1,2,1,27
Hyderabad,0,0,1,126
Pune,1,2,0,68
"Chennai, Tamil Nadu",1,5,2,118
New Jersey,0,0,21,193
"Brisbane, Australia",101,119,626,889
Mumbai,0,2,2,20
Nigeria,0,1,0,20
Aurangabad,0,1,0,53
"Chittagong, Bangladesh",13,103,19,172
Bursa Turkey,5,21,24,44
Mumbai,2,2,0,25
"Frisco, TX",0,1,0,53
"warrangal,telangana",0,23,0,71
Dhaka,1,8,5,35
Rajam,0,1,0,93
Hyderabad,0,1,0,10
"Maryland, DC metro area",5,1,1,40
"Hoboken, NJ",4,7,1,82
Banglore,2,2,40,342
"Vancouver, Canada",2,2,40,41
Computer Science,3,2,8,197
Boston,3,2,8,4
PUNE,2,1,5,17
Nagercoil,2,1,5,73
Bangalore,1,1,1,44
"Chennai, TamilNadu",5,10,5,72
Mumbai,14,7,1,250
"Berkeley, CA",7,3,0,610
Goiânia,10,26,15,58
India,1,0,0,52
Dilhi NCR,0,9,7,83
Melbourne,0,9,7,76
"Waterloo, ON",2,1,0,64
IIT Kharagpur,0,0,1,43
"Ahmedabad, India",0,0,1,58
"New Delhi, India",0,0,1,9
Darbhanga,1,0,0,15
Nellore,1,0,0,3
Egypt,1,2,0,18
"Leipzig, Germany",7,10,0,175
"Dhaka, Bangladesh",7,10,0,4
"Pune, India",8,3,7,592
"IIIT,Guwahati",0,1,3,363
"Mbarara, Uganda",2,2,1,16
"Recife, PE - Brazil",9,0,7,20
United Kingdom,9,0,7,370
"Nairobi, Kenya",9,0,7,45
Hyderabad,1,0,0,59
India,0,0,4,79
San Diego,4,5,0,304
Egypt-Cairo,3,2,26,97
"Bengaluru,India",0,0,4,12
Dhaka,63,52,129,74
"Toronto, Canada",3,4,3,0
Cornwall,7,18,14,52
Germany,4,4,13,336
"Vancouver, BC",20,7,39,109
Tallahassee FL,0,1,0,0
Quixadá,27,12,1,8
"Pfarrkirchen, Germany",1,0,0,0
India,17,0,0,15
"Bangalore, India",23,7,12,5
Cluj-Napoca,5,1,9,27
Texas,6,8,12,0
Hyderabad,2,3,3,38
Singapore,69,15,90,12
Seattle,3,1,1,0
"Budapest, Hungary",3,1,1,0
"Accra, Ghana",27,15,7,16
Florida,1,5,0,43
India,4,11,32,58
"San Jose, CA",0,10,0,10
India,13,12,6,917
"Aarhus, Denmark",52,35,269,1997
Curitiba Paraná,19,44,227,1097
"Washington, DC",43,23,2,437
DFW TX,7,26,399,65
"Austin, Texas",5,0,0,6
Mauritius,33,61,333,618
"Russia, Armenia",216,6,52,595
Lisbon,6,4,1,0
Boston,1,1,0,0
"Cambridge, MA",3,1,3,922
Munich,26,36,79,45
"Chicago, IL",13,3,129,86
harare,4,9,9,68
MUMBAI,2,4,6,3
Recife - Brazil,12,8,24,152
Mexico City,3,5,3,48
"Sydney, Australia",1,2,7,0
United States,1,1,0,4
Hyderabad,1,0,0,0
Japan,27,35,321,205
"Melbourne, Australia",0,0,4,8
Dhaka,41,233,227,40
"Vallejo, CA",34,20,150,189
Sydney,4,0,3,386
Bareilly,6,2,10,107
Banglore,14,111,6,3
"Kolkata, India",2,11,26,1
"Dallas, TX",6,6,9,13
"Somewhere, Iowa",3,12,30,45
Pune,3,12,30,7
Boston,84,15,48,266
Banglore,0,2,0,93
Seattle,7,4,22,27
Chemnitz - Germany,2,0,0,363
"Davis, California",2,2,0,144
"Russia, Moscow",2,2,0,0
"Delhi, India",3,4,4,10
Egypt,37,26,37,101
"Kolkata, West Bengal",1,0,1,155
"Chicago, US",0,1,1,65
Auckland,1,0,13,74
"Phoenix, Arizona",10,9,2,0
_Aus,0,1,13,0
"Paramount, CA",1,1,0,58
"columbia, Missouri",1,3,4,0
DIY Yogyakarta,1,0,11,4
Mumbai,20,34,40,40
"Phoenix, Arizona",10,9,2,0
_Aus,0,1,13,0
"Paramount, CA",1,1,0,58
"Waterloo, ON, Canada",17,28,57,2
Jaipur,2,4,0,39
Bangalore,1,0,0,0
Moscow,1,0,0,16
Mysore,3,3,16,68
Shillong,10,43,63,278
hyderabad,0,2,0,14
Medellín,3,2,0,15
Banglore,12,14,27,218
"Wales, UK",824,2,57,2534
New Brunswick,1,0,6,38
Mexico,14,0,2,60
"Chicago, IL",0,2,0,2
"Vienna, Austria",7,11,6,384
Ecuador,0,1,0,0
"Norman, OK",8,11,7,147
Washington DC,8,11,7,14
"Hilversum, The Netherlands",1,19,42,5
"KOLKATA, INDIA ",1,0,0,13
London,0,3,0,89
Chennai,3,2,0,6
"Montréal, Québec, Canada",5,1,11,436
chennai,5,1,11,0
India,2,22,112,889
"Roorkee, Uttarakhand, India",3,5,9,212
vizianagaram,0,1,0,12
"Dallas, Texas",2,1,0,67
"Odessa, Ukraine",1,2,6,508
"Ottawa, Canada",1,2,2,4
Kansas,0,1,0,0
Mumbai,0,1,0,0
Penang,0,1,0,28
"Shantou,China",0,1,9,32
"Ghaziabad,India",4,1,0,265
India,2,9,12,81
"Kashanyarazi-Kamukuzi, Mbarara City",1,3,0,10
SA,6,8,7,32
Bangalore,0,0,1,3
"Kollam,Kerala",10,8,22,105
Wardha India ,1,2,1,57
"Varanasi, India",26,20,23,299
"Jaipur,Rajasthan,India",3,5,4,89
Leeds,1,1,6,177
Hyderabad,2,2,3,31
San Francisco ,1,1,1,0
"Bethesda, MD USA",2,0,0,600
United Kingdom,2,0,0,10
Germany,2,0,0,20
Lavras-MG,2,8,4,4
surabaya,8,3,4,44
Brasília/DF,10,4,13,93
São Paulo,9,6,21,489
"Serbia,  Belgrade",15,32,51,74
Bangalore,15,32,51,66
Thessaloniki,1,1,0,117
"Wrocław, PL",7,3,37,99
Sydney,1,1,0,26
"Chicago, USA",0,0,2,69
Hyderabad,2,5,24,39
"House-1148 (1st, 3rd, & 4th floor) Road 9A(Old-48), Mirpur DOHS, Dhaka-1216 Bangladesh ",1,6,7,193
Guwahati,2,4,5,87
"Khulna-9203, Bangladesh",20,7,4,113
Jaipur,5,1,1,21
Chennai - India,3,2,1,28
United States,6,6,16,228
Guwahati,2,4,5,87
Stanford,2,6,2,45
New York,1,0,0,320
India,56,53,127,829
Banglore,1,2,20,71
NIT Durgapur,0,3,6,24
Turkey - Istanbul,66,0,21,49
"Dallas, Texas",1,0,3,5
"Bengaluru, Karnataka, India",1,0,3,14
"32.621921, 51.647334",33,120,161,639
"Colombo, Sri Lanka",4,0,15,1785
New York,0,1,1,13
New Delhi,2,1,0,236
"Buea, Cameroon",1,1,1,354
"Mumbai, India",20,41,18,324
"Islamabad, Pakistan",20,41,18,31
"Windsor, ON",18,12,13,519
"Gurgaon , Haryana",0,1,1,19
"Maharashtra Nagpur, India",1,5,10,46
"Trivandrum,Kerala",1,5,10,95
New Delhi ,6,2,5,142
Cotia - São Paulo,3,7,2,59
"New Brunswick, NJ",1,0,0,51
Belgium,1,3,6,26
Dehradun,0,11,17,644
Singapore,1,1,2,67
Pune,2,16,5,28
"Alexandria, Egypt",6,9,5,66
Mumbai,18,24,21,435
Pune,18,24,21,11
Bangalore,0,2,0,74
Singapore,0,2,0,31
JABALPUR,0,0,4,114
Stockholm,2,0,0,116
"Karachi, Pakistan.",2,0,0,10
Pune,1,3,0,15
"New Delhi, India",1,1,0,45
"Chicago, IL",11,23,73,944
Chhattisgarh,0,0,1,116
Bengaluru,0,2,1,8
India,345,3,2,34
Bhopal,0,0,4,196
Hyderabad,4,4,1,250
NYC,4,4,0,56
new delhi,8,16,9,289
"Mangaluru,India",31,22,62,363
Uthukottai,4,4,10,16
Mumbai,2,10,3,147
St Louis,1,1,1,72
VIT VELLORE,4,4,0,20
San Jose,0,1,1,328
"London, UK",1,6,5,160
Noida,1,6,5,50
Bhopal,0,0,4,196
Mumbai,4,2,1,78
Hyderabad,1,1,0,90
"Chicago, IL",0,1,6,48
Montreal,1,0,0,109
New York,6,9,41,589
"New Delhi, India",4,5,25,4005
New Jersey,0,0,21,193
Brazil,2,2,0,144
Kolkata,2,2,0,93
India,0,0,5,100
"Hyderabad, India",0,2,0,28
Ottawa Canada,0,0,1,18
chennai,0,4,11,84
Bengaluru,0,0,6,39
"Boulder, CO",1,2,0,149
mumbai,1,2,0,5
"San Jose, California, USA",1,2,1,16
Singapore,0,0,4,26
Jodhpur,0,0,4,16
Pune,0,1,4,58
Tumkur,1,4,0,32
New Delhi,2,3,3,169
"Maharastra ,Mumbai",1,7,17,60
Pune,4,6,7,121
Mangalore,6,5,1,54
"Kumasi, Ghana- West Africa",3,7,0,14
São Paulo,3,7,0,81
Hyderabad,3,7,0,79
"Brasília, DF",7,5,15,280
"Durban, KZN",7,5,15,7
"London, UK",0,1,0,32
Indore,0,1,0,15
"Hemel Hempstead, UK",2,9,42,68
Chennai,10,14,31,46
"VIT,VELLORE",4,11,16,241
"Ghaziabad,UP",1,1,0,10
"Dehradun, Uttarakhand, INDIA",3,6,5,79
"Thessaloniki, Greece",1,1,0,124
Uruguay,2,3,0,31
Kota,0,1,4,18
New York,2,2,1,286
"Cincinnati, OH",1,4,2,39
New Delhi,0,0,4,41
İzmir/Türkiye,1,4,5,23
India,5,12,30,60
"Toronto, ON",6,9,1,33
Bangalore,0,3,2,33
"Duisburg, Germany",2,3,6,163
"Bandung, Indonesia",8,10,10,39
Turkey,0,1,2,10
mumbai,10,10,21,184
"Ottawa, Canada",10,10,21,51
"kathmandu,Nepal",0,1,0,3
"Galle, Srilanka",0,1,0,9
Canada,2,1,2,6
"Manhattan, NYC",1,0,3,41
"Rochester, NY",1,0,3,17
Gwalior,1,0,8,131
Sunnyvale,1,2,23,171
Denver,2,6,6,146
"Dakar, Sénégal",208,521,1900,119
kolkata,208,521,1900,13
"Boston, MA",0,2,13,38
London,136,54,38,9125
Tempe,20,17,5,32
Bengaluru,20,17,5,0
Bangalore,6,0,5,0
"Melbourne, Australia ",11,13,166,79
vigo,12,18,0,6
Sydney,4,4,21,1
New York,14,18,2,6
berlin - in your ♥,59,1,14,2115
Dehradun,59,1,14,0
Singapore,12,0,51,28
San Francisco,14,5,0,0
Halifax,19,0,0,0
"Seattle, Washington",8,0,3,0
São José dos Campos,24,28,71,898
delhi,14,0,0,19
"Delhi, India",6,1,68,148
"Columbia,United States",2,2,1,99
Norway,8,5,2,24
Netherlands,0,0,1,0
"Charlotte, NC",1,1,0,2
New York,1,0,1,1
Greater New York City Area,1,5,1,47
"Johannesburg, South Africa ",4,3,3,19
Ahmedabad,360,177,1200,220
"Madrid, Spain",6,4,38,125
Italy,108,8,10,798
"Dallas, Texas, USA",1,0,0,0
"Lisbon, Portugal",17,177,289,121
"Oxford, UK",14,29,138,113
"San Francisco, CA",3,2,0,332
"Norfolk, VA",6,8,8,119
"Algiers, Algeria",1,0,2,1
"London, UK",1,0,0,2
Belgium,14,21,183,281
"HYDERABAD, INDIA",3,1,0,148
Sarajevo,1,0,0,0
San Francisco,4,2,8,40
"Kenitra, Morocco",26,14,59,245
Norway,5,3,3,225
"Harare, Zimbabwe",24,15,14,196
"TOKYO-JAPAN, ROK-SEOUL",130,11,168,7756
Pune,10,9,15,20
Egypt,24,58,38,57
Delhi,1,28,9,249
"Delhi, India",3,6,51,156
India,5,10,1,0
"Toronto, Canada",69,36,1100,249
Chennai,69,36,1100,0
Bangalore,2,2,12,3
Raleigh,2,2,12,0
United Arab Emirates,0,2,23,0
shenzhen,3,23,385,31
Gurgaon,3,23,385,5
Gurgaon,1,2,3,8
"Birmingham, AL",3,1,0,4
Bangalore,3,1,0,7
China,22,46,48,422
Singapore ,12,54,69,54
"Bay Area, CA",4,4,0,25
"Madurai, Tamil Nadu, India",96,3,66,737
"Riverwoods, IL",5,29,9,171
"Syracuse, NY, United States",5,29,9,0
Beijing,90,107,224,228
"Atlanta, GA",2,1,0,371
New York City,3,2,1,195
United States,1,0,5,0
"Detroit, MI",11,0,4,102
Mumbai,3,0,0,0
Bangalore,1,5,8,11
India,1,3,3,5
"Detroit, MI",11,0,4,102
Mumbai,3,0,0,0
London,3,0,0,0
Nepal,3,21,5,15
Taiwan,3,21,5,0
Bay Area,7,10,2,147
"Mumbai,India",2,0,13,104
"Brasília, Brazil",4,4,3,129
Bahrain,0,2,0,0
"Delhi, India",1,1,0,0
India,4,4,1,96
"Indianapolis, IN USA",3,5,0,4
"Ghaziabad, India",0,4,3,17
San Francisco,0,2,6,0
France,1,0,1,63
Gurgaon,1,0,0,6
"Gainesville, Florida",0,0,1,3
"Atlanta, GA",13,5,48,296
"Hamburg, Germany ",2,6,9,92
New York,241,5,28,303
İstanbul,1,0,0,0
"Charlottesville, VA",0,0,1,112
"Dhaka, Bangladesh",1,17,0,11
"Montreal, Canada",4,6,21,499
"Indianapolis, IN",0,0,1,165
"San Diego, California",4,5,11,2
"São Paulo, Brasil",122,15,0,769
Bangalore,4,10,4,87
"Jakarta, Indonesia",4,10,4,0
Afghanistan Kabul,4,4,16,8
"Irvine, California",0,0,4,1
Los Angeles,2,0,0,928
Munich,23,51,203,1016
Kolkata,5,2,0,159
Chandigarh,5,2,0,0
"Dhaka ,Bangladesh",43,30,3,0
Hyderabad,43,30,3,19
India,8,65,88,395
Mumbai,12,1,103,168
"Seattle, WA",12,1,103,2
New Delhi,17,7,10,186
Denmark,1,1,4,624
San Francisco,1,1,4,0
Pune,0,2,2,17
Hyderabad,0,3,2,4
"Miami, Florida",1,0,0,0
Kolkata,0,8,0,37
"Surat,Gujrat,India",10,20,87,21
Barranquilla Colombia,6,16,12,74
Indianapolis,6,16,12,4
Sathyamangalam,2,1,0,20
"Ottawa, Canada",2,5,9,120
Bengaluru,0,0,1,94
"New Delhi,India",13,24,32,232
USA,2,0,2,20
Copenhagen,9,14,0,4
india,0,0,7,75
"Kashanyarazi-Kamukuzi, Mbarara City",1,3,0,10
pakistan karachi,4,14,3,141
Wrocław,3,11,17,169
Poland,4,0,4,6
Brazil,14,14,17,119
"Maastricht, Netherlands",5,6,24,5
"Nashik, Maharashtra, India",1,0,0,5
India,2,3,1,2
France,0,1,0,9
"Fremont, California",0,0,6,327
New Zealand,1,0,3,103
"Jakarta, Indonesia",1,0,3,5
New Delhi,1,0,0,504
"Malang, Jawa Timur",3,0,0,43
London,0,6,7,3310
Kolkata,14,5,35,220
"Alicante, Spain",2,6,1,16
"Lamia, Greece",4,0,0,0
Dhaka,2,15,16,336
Toronto,0,1,2,81
"Surat,Gujarat,India",2,1,0,22
Hyderabad,4,8,23,42
"San Jose, CA, USA",2,3,3,109
Pune,2,3,3,16
"Khulna-9203, Bangladesh",20,7,4,113
Ireland,7,20,0,30
"Gainesville, Florida",1,1,1,2
"Bangalore, India",0,7,23,22
Bangalore,0,7,23,2
"Melbourne, Australia",0,7,23,206
Canada,14,21,141,1387
Delhi,5,30,0,46
South Korea,5,10,7,98
"Germany, Hamburg",5,10,7,6
Hyderabad,0,8,8,89
"Pune, India",19,38,9,98
"Bengaluru, Karnataka, India",19,38,9,14
Joypurhat,19,38,9,28
"Mumbai, India",43,44,10,1132
"Winnipeg, Manitoba",43,44,10,779
Charlottesville,6,23,18,47
"New York, NY",0,1,8,251
"Valsad,India",8,5,3,165
"San Francisco, CA",6,0,0,114
"Jaipur, Rajasthan, India",52,17,24,253
Dublin,1,1,11,63
"Toronto, ON",1,1,11,21
"Escondido, CA",1,2,4,33
"xalapa,ver mexico",0,1,3,26
India,4,6,0,108
Chennai,0,0,1,32
"Noida, UP India",10,9,20,215
Boston,2,14,6,42
Egypt,2,14,6,24
Colorado,1,5,1,214
"Gurugram, India",1,5,1,12
Delhi,0,1,5,23
Hyderabad,15,4,0,30
"Bogotá, Colombia",1,2,84,209
Kurukshetra,13,8,39,254
Israel,13,8,39,110
"Ludhiana, Punjab",5,1,0,89
"Goleta, CA",0,0,1,57
"Dhaka, Bangladesh",4,10,41,219
"Barcelona, Spain",0,10,1,44
new delhi,8,16,9,289
Lahore,0,0,5,156
"Mahendragarh, Haryana",0,0,1,30
INDIA,0,1,8,82
delhi,2,0,2,30
United States,1,2,0,21
"Chennai, India",8,11,20,301
Pune,0,1,0,37
Colombo,2,0,3,298
"Edison, New Jersey",4,5,0,196
Bangalore,4,5,0,32
"Kathmandu, Nepal",1,1,0,5
"Santa Clara ,CA",1,1,0,35
"Poland, Poznań",1,0,2,94
"Jalandhar ,Punjab",0,2,0,471
New York City,0,0,37,84
"Addis Ababa, Ethiopia",1,1,0,108
"San Mateo, California",0,4,5,163
"New York, USA",0,2,0,69
Gurgaon,0,0,1,33
"London, UK",0,0,1,11
Canada,0,4,5,122
NIT Calicut,2,1,0,168
Nigeria,0,1,0,20
Pune,0,1,0,12
"Bremen, Germany",2,5,1,193
mumbai,1,0,0,50
Hyderabad,2,0,2,199
Ahmedabad,0,0,1,16
"Toronto, Canada",2,4,0,46
Saudi Arabia,0,1,0,23
INDIA,0,4,10,70
dallas fortwort,0,5,0,36
"San Antonio, Texas",0,0,2,8
Bangalore,0,0,2,58
Biratnagar,0,0,2,8
"Sweden,India ",8,10,18,132
India ,1,2,2,69
Poland,1,1,0,80
"Frankfurt, Germany",0,1,0,31
"Birmingham, Alabama",19,28,4,311
"Poland, Warsaw",19,28,4,6
"Nagpur, Maharashtra, India",1,2,0,35
US,1,4,16,76
Frankfurt am Main,0,2,1,114
Dhaka,0,2,1,28
Chicago,1,1,0,139
Lucknow,1,0,2,53
Bay Area,2,3,36,136
"sundargarh,odisha",2,3,36,259
Thane,2,3,36,34
"Brunswick, Melbourne",2,3,36,25
Sorocaba/SP,5,9,3,65
Visakhapatnam,5,9,3,56
"Moradabad, India",3,2,4,55
United States,3,2,4,37
Dallas,0,1,2,37
Thailand,2,9,1,200
Manipal,2,12,2,305
"New Delhi, India",8,15,18,113
Mumbai,2,5,1,591
Bandung,6,15,18,367
Canada,0,1,2,452
Mysore,3,2,4,12
Mumbai,3,2,4,19
Kolkata/India,5,3,3,109
"Nizhny Novgorod, Russian Federation",6,4,7,57
"Beijing, China",3,6,27,175
Tehran,0,1,0,57
"Accra, Ghana",15,18,1,111
Srikakulam,1,0,15,63
"Chennai, India",1,0,15,22
"San Jose, CA",0,4,0,8
Bangalore,0,3,0,199
Bengaluru,0,3,0,31
Bangalore,0,3,0,10
France,0,3,0,13
"New York, NY",0,3,0,32
chennai,1,2,0,32
Kolkata,2,0,1,239
Jssaten,20,22,4,87
"Mumbai, India",9,8,0,83
"Netherlands, Lichtenvoorde",2,2,1,27
"Lagos, Nigeria",2,1,0,40
Seattle,4,0,0,9
India,0,1,0,35
greater noida,2,0,0,54
Bangalore,6,2,0,261
"Chennai,India",212,217,243,2803
"Jaipur, Rajasthan, India",52,17,24,253
Bangalore,1,13,54,225
Hamburg/ Germany ,1,1,1,13
Berlin,4,0,15,2
"Boulder, CO",4,5,27,18
"Greenwood, VA",1,0,0,0
Bangalore,14,48,16,148
"Chicago, IL",1,1,1,4
Jamaica,1,1,1,0
"Montevideo, Uruguay",16,2,577,445
Brazil,1,2,4,26
"San Francisco, CA",5,3,0,0
"Orlando, Florida",3,0,0,2
"Bentonville, Arkansas",1,2,0,0
Lagos,4,0,0,4
"Surathkal , Mangalore , Karnataka",3,4,0,0
China Shanghai,0,2,2,9
United States,10,9,9,114
Noida,1,1,0,16
Saarbrücken,11,20,5,76
"Delhi, India",46,225,171,2
"Charlotte, NC",1,1,0,0
"Vancouver, Canada",2,0,0,77
Germany,0,9,2,7
"San Francisco, CA",0,9,2,22
Istanbul/Turkey,9,12,4,13
USA,9,12,4,16
"Hoboken, New Jersey",5,7,7,25
"Bangalore,KA",1,26,60,3
"Philadelphia, PA",4,0,1,27
Western New York,1,1,8,1148
New York ,7,18,26,2
Brazil,6,86,8,49
"Melbourne, Australia",26,54,34,96
San Jose,1,0,0,7
Madrid,2,10,4,26
Bangalore,4,3,1,50
"Sydney, Australia",8,8,34,64
"Uberlândia, Brazil",6,12,12,2
bengalore,0,0,1,39
"New Delhi, India",4,0,9,148
"Chicago, IL",13,3,129,86
"Columbus, OH",0,1,2,61
"Syracuse, New York",4,50,75,19
Ghaziabad Delhi,96,1,6,281
"Estado de México, CP 52928",19,10,7,11
New Delhi,2,2,0,24
Hyderabad,10,3,5,0
Seattle,0,1,1,1
Singapore,0,1,1,3
"Bangalore,India",1,2,6,31
"Tel Aviv, Israel",1,2,6,0
"Hermosillo, Sonora, MX",5,6,8,49
New York,3,4,30,33
"New Delhi, India",95,248,126,228
"Charlotte, NC",0,0,2,0
Mumbai,2,7,26,2
India,2,7,26,0
"Punjab, Pakistan",2,7,26,23
Pittsburgh,2,7,26,0
"Raleigh, North Carolina",2,7,26,0
"Seattle, WA",9,21,11,0
Boston,12,91,1,1
"Amsterdam, Netherlands",17,10,22,148
"Raleigh, North Carolina",17,10,22,0
"San Diego, California",17,10,22,0
Paris,5,75,21,563
Ankara,5,75,21,0
Maynooth,1,0,0,12
"Brasília, Brazil",4,4,3,129
"Anamnagar, Kathmandu",4,4,3,92
"Kharar,Punjab,India",1,0,10,14
University of Sydney,8,11,8,4
Nairobi,3,5,50,135
"Maastricht, The Netherlands",3,10,0,3
Bath / Cornwall,1,2,3,0
"Seoul, South Korea",15,16,34,139
Gurgaon,15,16,34,75
San Francisco CA,11,12,59,26
"Accra, Ghana",9,7,5,162
"Dallas, Texas",1,40,0,12
bit mesra ranchi india,8,5,8,128
"Cambridge, UK",0,3,1,61
Ecuador,0,1,0,0
Goa,1,2,0,18
"Vellore, India",4,18,13,124
Singapore,5,7,152,162
Los Angeles,2,0,0,928
Singapore,9,1,12,40
"São Paulo, SP Brasil",517,92,36,30
"Portland, OR",17,45,103,1064
"Lexington, MA",13,30,9,210
Hyderabad,13,30,9,0
Canada,2,1,2,11
Chandigarh,1,3,7,0
Islamabad,2,27,4,65
Kansas,0,1,0,0
Nashik,2,7,6,152
Bengaluru,10,13,9,176
istanbul,2,4,1,4
india ,1,1,7,191
"Rotterdam, The Netherlands",3,4,0,37
"Chennai, India",18,37,23,60
"Long Beach, CA",1,0,1,20
Hungary,6,5,19,76
"Blue Mountains, Australia",6,5,67,24
New Zealand,1,0,3,103
Poland,1,0,3,75
Hyderabad,3,30,1,85
Indonesia,7,7,2,15
"Canada, Edmonton,AB",1,6,15,13
Brisbane,110,10,97,126
Singapore,110,10,97,390
Tokyo,0,5,24,0
Chennai,2,2,0,12
"Hyderabad,India",1,5,4,22
Kochi ,28,26,19,377
Faridabad,1,12,1,115
A-5 IT-Park Dehradun Uttrakhand India,1,0,0,5
HYDERABAD,1,0,0,14
"Austin, TX",6,11,9,877
ISTANBUL,16,26,6,33
Dhanbad,3,1,1,17
India,15,111,282,171
New Delhi,9,18,7,40
"Brazil, Alagoas, Maceió",0,6,6,42
Ahmedabad,2,0,26,96
Chennai,9,5,23,90
Munich,2,5,1,279
Nigeria,0,1,7,16
Bangalore,6,5,1,82
India Kolkata,44,7,47,410
"Goiânia, GO",26,49,92,174
"Pune,India",15,5,5,98
San Francisco,1,0,2,80
Nigeria,0,1,7,16
"Lagos, NIgeria",41,64,149,992
"Medellín, Colombia",1,1,1,4
Pune,0,2,2,26
Delhi,0,2,2,172
Lagos,20,33,4,75
greater noida,2,0,0,54
Hyderabad,2,5,0,75
New Delhi,4,16,7,356
"Karachi, Pakistan",18,25,1,136
Castro Valley,9,6,588,476
Hyderabad,0,0,1,26
Porto Alegre - RS - Brazil,11,51,14,501
Bhubaneswar,3,0,2,46
Australia,1,1,8,176
"Mexico City, Mexico",1,6,9,50
Mumbai,14,7,1,250
"Hayward, California ",0,0,9,84
San Francisco,0,0,9,41
"Jaipur,Rajasthan",3,6,28,140
3514 Fiske Ter Silver Spring MD 20906,102,220,22,1710
India,0,0,11,113
Yangon,0,8,0,33
"Pune, India",0,3,5,19
Bhubaneswar,0,0,1,317
Egypt,12,19,30,158
"Sousse, Tunisia",27,53,27,202
"Los Angeles, CA",2,1,0,210
"Gurgaon, Haryana",2,1,0,76
"Kolkata, West Bengal, India",0,2,0,23
Saudi Arabia,3,5,0,27
Mohammedia,6,4,3,44
new delhi,0,0,2,156
Indonesian,2,1,2,261
"Mumbai , India",31,25,9,96
"Vadodara, Gujarat",1,6,1,54
India,1,0,0,139
BANGALORE,4,5,52,266
Dehradun,4,5,52,61
Pune,1,0,1,142
Kolkata,1,0,1,47
Germany,4,10,17,237
Islamabad,3,2,0,132
"Bhubaneswar , Odisha ",0,22,19,176
Kadapa,1,2,11,71
"Bay Area, CA, USA",0,2,0,25
delhi,2,0,2,30
Minneapolis,3,4,0,182
"Kolkata,West Bengal,India",1,0,0,44
"Palam Vihar, Delhi NCR",5,10,0,18
Navi Mumbai,71,3,6,161
new delhi,8,16,9,289
Gurgaon,1,5,5,22
India,27,15,37,361
mohali,27,15,37,4
"No 2 omoyiola area Ido-Osun, Osun State",0,5,1,46
"Dhaka, Bangladesh",13,43,28,31
İstanbul,6,8,18,8
Hong Kong,1,1,0,4
Nigeria,35,12,1,24
"Kolkata, India",15,11,62,487
"Chandigarh, India",12,11,0,275
Kendari,17,70,116,316
"Addis Ababa, Ethiopia",1,1,0,108
Singapore,1,47,12,21
Sri Lanka,24,49,18,822
"Metro Manila, Philippines",8,73,21,583
Delhi ,1,3,1,77
"Nagpur, Maharashtra",2,1,9,445
USA,0,1,0,18
Mumbai,3,4,0,16
"Coimbra, Portugal",3,4,0,23
"Howrah(Kolkata),India",7,72,167,694
Pune,22,4,0,69
Quebec,1,0,0,55
Bareilly,24,29,37,816
Montreal,6,4,39,538
São Paulo / Brazil,6,7,12,151
Jabalpur,1,2,3,7
India,8,19,33,60
Kiev,0,0,2,33
India,0,7,0,42
Indonesia,1,2,0,16
Bhubaneswar,1,2,0,18
Mumbai,1,1,12,26
Paris,6,6,3,1068
"Silicon Valley, CA",8,11,1,185
"Bengaluru, India",7,51,107,183
"Bangalore, Karnataka, India",1,2,5,79
India,2,2,0,15
New delhi,6,6,2,65
"Kansas City, MO",6,6,2,32
Andra Pradesh,0,0,2,15
"Zlin, Czech Republic ",220,14,6,227
Pune/Delhi,0,10,0,16
Toronto,4,69,1,1454
Allahabad,4,69,1,18
Atlanta,1,0,4,27
Bengaluru,1,0,4,41
Egypt,0,7,0,28
Chennai,0,7,0,45
"Okemos, Michigan",12,18,19,550
"Dhaka, Bangladesh",0,1,1,8
Mexico,7,9,2,114
"Mumbai , India",9,7,31,76
Italy,2,4,2,586
"Toronto, Canada",5,1,5,118
Hyderabad,1,4,4,144
Kanpur,0,1,0,18
"Seattle, WA",8,44,4,398
Gwalior,7,13,6,110
"HYDERABAD, INDIA",3,1,0,148
Mumbai,3,1,0,73
India,1,1,3,102
"Cairo, Egypt ",0,2,0,19
"Dallas, TX",0,2,0,27
Ålesund,2,0,4,473
Chennai,4,8,1,66
Venezuela,0,1,0,7
Imphal,0,0,25,121
"Thessaloniki,Greece",6,11,10,618
Campos dos Goytacazes - RJ,10,7,7,254
India,10,7,7,35
"Mumbai, India",3,0,8,134
"Troy, NY",0,0,1,15
Ghaziabad,1,0,1,46
Ghaziabad,1,0,1,46
"Moroleón Guanajuato, México",5,3,8,46
"Lagos, NIgeria",41,64,149,992
"Boston, MA",1,4,0,11
Hyderabad,0,6,6,131
"Lagos, NIgeria",41,64,149,992
"Lisbon, Portugal",8,10,5,0
"Jakarta, Indonesia",3,1,1,0
"Portland, OR",3,8,0,0
"Champaign, Illinois",3,8,0,0
"New York, NY",3,8,0,0
"Austin, Texas",2,0,1,4
India,18,6,2,0
"Ioannina, Greece",6,7,6,0
"Phoenix, AZ",9,0,4,1
"Milan, Italy",11,5,6,6
"Washington, DC",16,16,63,168
"Zaporozhye, Ukraine",2,1,0,0
United States,0,1,2,0
United Kingdom,7,6,59,312
Philadelphia,1,0,8,0
Columbus Indiana,11,89,630,145
Netherlands,10,15,106,331
Austin,8,5,6,1424
San Francisco Bay Area,0,1,2,0
India,7,8,21,86
Nashville TN,4,11,49,0
Mumbai,1,2,1,1
"Groningen, Netherlands",1,2,1,14
India,1,5,4,20
"San Francisco, CA",3,0,0,0
"Providence, RI",9,12,188,96
"Dhaka, Bangladesh ",33,7,42,1285
"Sydney, Australia",3,6,24,224
Pune,2,1,0,0
India,1,0,0,0
Boston,5,9,0,0
"Sydney, Australia",7,4,0,3
Pune,2,0,0,0
Shanghai,0,1,0,2
"Tokyo, Japan",21,6,107,31
MUMBAI,2,4,6,3
"Faridabad, India",1,2,2,5
"Wales, UK",824,2,57,2534
"Lviv, Ukraine",1,1,1,163
Gurgaon,31,12,48,104
Pune,6,4,11,0
Faridabad,8,7,21,119
"Chennai, Tamilnadu, India",8,7,21,0
"Medellín, Colombia",3,5,12,315
São Paulo,50,4,0,7
Atlanta,4,1,3,0
"Buffalo, NY",3,1,1,358
"Adelaide, South Australia",2,5,6,81
"Cairo, Egypt",17,25,40,36
Bangalore,17,25,40,0
new delhi,17,25,40,18
"Surabaya, Indonesia",32,30,102,506
"TOKYO-JAPAN, ROK-SEOUL",130,11,168,7756
Peru,1,0,1,12
"Berlin, Germany",12,0,5,14
"Rochester, Minnesota",1,0,1,0
"Amherst, MA",6,7,16,490
"Los Angeles, CA",11,1,7,176
China,18,45,274,488
"Schaumburg , IL",1,1,0,0
"Miami, FL",14,13,4,88
"Chicago, IL",1,1,2,15
"Amsterdam, NL",107,115,1400,477
"Schaumburg , IL",1,1,0,0
"Toccoa, GA",1,1,0,2
"Birmingham, AL",0,0,7,0
Canada,0,0,20,19
United Kingdom,0,0,2,0
New York,0,0,2,10
"Oslo, Norway",0,0,4,170
"Calgary, Canada",3,3,2,15
Vellore,0,0,1,104
"Cha- 214 TB Gate, Mohakhali, Dhaka, Bangladesh",3,6,9,95
Vellore,3,6,9,76
Virginia,1,2,1,83
Sri Lanka,0,2,0,28
"Lviv, Ukraine",6,6,2,142
Belo Horizonte,3,3,14,85
"kurukshetra,Haryana",7,6,10,109
University of Moratuwa,0,0,2,9
"Paris, France",1,4,3,51
"Haryana,India",1,1,0,25
"Puducherry, India",3,4,8,114
Kolkata,43,90,86,400
New Delhi,8,69,22,29
NOIDA,2,6,1,17
Amman,9,10,2,38
Nairobi,12,74,59,246
Kolkata,1,0,3,7
Vienna,0,0,8,6
Vienna,0,0,8,6
"Cambridge, MA",9,11,4,6
Goma/DRC,0,9,11,4
Irvine,3,0,0,0
Lives in Abuja Nigeria,1,4,34,229
"Terhran, Iran",40,29,14,387
United Kingdom,11,0,4,31
"Bengaluru, India",11,0,4,6
"Rupnagor R/A, Mirpur-2,Dhaka-1216",11,0,4,0
Noida Sec-27,6,6,0,126
"Dallas, TX",1,1,97,23
São Carlos,5,38,308,296
"Edmonton, Alberta",3,4,3,4
Sri Lanka,3,4,3,12
Kolkata ,4,4,2,81
Cyprus,3,12,9,89
Brisbane,110,10,97,126
banglore,1,2,4,10
New Zealand,1,0,3,103
Chennai,5,9,5,25
Hyderabad,5,9,5,73
New Zealand,1,0,3,103
"San Diego, CA",1,3,5,0
"Ontario, Canada ",0,0,5,117
Singapore,5,9,9,58
"Austin, TX",5,9,9,205
Noida,5,9,9,104
"Bangalore,India",2,11,23,16
Colombia,2,11,23,79
Hyderabad,7,5,13,52
surabaya,8,3,4,44
"Gainesville, VA",6,0,0,30
Makerere University-Kampala-Uganda,3,0,4,82
Bangalore,11,34,8,30
"Wroclaw, Poland",2,5,13,135
Chennai,13,11,5,40
New York,5,4,8,166
"Khulna-9203, Bangladesh",20,7,4,113
HYDERABAD,3,8,5,80
"Kathmandu,Nepal",12,40,3,125
Decentralized,19,11,19,428
India,3,1,16,57
Greater Noida,3,2,8,100
Coimbatore,0,0,3,80
"Ahmedabad , Gujarat , India",0,0,3,69
India,0,0,14,142
Bangladesh,2,57,0,14
Stillwater,2,57,0,58
Harvard University,3,0,4,76
"Islamabad, Pakistan",10,16,13,182
Ghaziabad,0,2,0,88
Greater Boston Area,4,3,0,7
greater noida,2,0,0,54
Bengaluru,2,0,0,57
Charlottesville,2,2,1,112
Itajubá - MG,4,1,5,23
Guatemala,12,10,1,208
Ahmedabad,0,0,6,67
"Mumbai, India",20,41,18,324
"vijayawada,india",2,3,0,94
"Trivandrum,Kerala",2,3,0,95
Hyderabad,0,0,2,20
France,4,19,1,10
Germnay,4,19,1,21
Barcelona,1,2,0,70
mumbai,0,6,1,75
"Hyderabad,Telangana,India",2,1,1,160
Mysuru,1,2,0,30
"Banepa, Nepal",0,0,6,83
"Boston, MA",1,0,5,46
Bangalore,1,0,5,43
Hyderabad,1,0,5,57
Greece,2,1,0,123
Uberlândia / Brasil,0,9,6,75
Sweden,2,8,7,45
India,4,5,5,104
"130 Descanso Dr, San Jose, 95134",4,5,5,16
New Delhi,2,10,14,145
"Chicago, IL",2,1,7,41
Toronto,2,1,7,8
"Odense, Denmark",0,0,3,203
"Recife, Pernambuco, Brazil",3,0,4,62
"Patiala,India",10,84,96,216
Ahmedabad,1,3,0,41
Melbourne :),0,5,9,13
"Chicago,IL",4,1,9,41
Aligarh,10,22,44,204
"Dallas, TX",10,22,44,60
"Houston, TX",0,0,7,45
"Mountain View, CA",1,0,1,141
"Plot No. 7 Sector 24, Near Purkhoti Muktangan, Atal Nagar, Chhattisgarh 493661",0,1,4,18
Bangalore ,1,0,10,24
"Uttarakhand, India",0,0,6,44
"New York, NY",0,0,6,84
"Boston, MA",1,0,3,177
Bangalore,0,3,0,112
Mumbai,1,0,0,64
Noida,1,1,0,34
Delhi,1,2,5,130
New York,0,0,1,72
"No 2 omoyiola area Ido-Osun, Osun State",0,5,1,46
kurnool,0,1,1,14
"Cardiff, United Kingdom",5,29,48,55
"La Paz, Bolivia",6,5,61,63
Belgium,4,8,23,656
"Chicago, IL",0,1,6,48
Hammarsdale (South Africa),0,1,6,82
pune,2,3,2,61
Groningen (The Netherlands),20,7,4,277
Chicago,2,3,13,249
Bengaluru,18,2,6,125
Bengaluru India,2,5,10,197
Karachi,1,2,1,30
Bala Cynwyd,0,0,1,11
Lahore,0,0,1,41
Nyeri,3,7,10,311
Rabigh,2,3,1,33
Nigeria,0,1,0,20
Mumbai,1,0,3,153
Mumbai,1,0,3,11
"Alibag, India",1,1,1,14
Tamil nadu,0,1,0,52
"Bursa, Turkey",60,89,293,93
Dhaka,1,16,32,18
Hyderabad Sindh Pakistan,2,0,1,59
"Hayward, California",0,11,12,219
INDIA,0,4,10,70
Ratnapura,6,11,4,142
Auckland,1,0,0,42
"Montreal, QC, Canada",2,0,0,89
"Boston, MA",6,40,132,139
Bangalore,1,0,17,167
Boston Massachussetts US,1,17,0,60
"Kolkata,INDIA",15,1,9,132
pune,0,14,4,62
Greater Noida,0,14,4,89
Greater Noida,0,14,4,89
"Hyderabad , Pakistan",12,36,33,133
Bangalore,12,36,33,20
Montreal,13,34,6,85
Chicago,2,1,0,433
"Auckland, New Zealand",2,1,0,14
"Hyderabad, Telangana",8,9,100,35
"Chicago, IL",3,2,0,180
"Katraj,Pune",0,0,32,200
"Chennai, India",2,1,0,72
hyderabad,1,3,1,33
"Edinburgh, UK",0,0,5,27
"San Francisco, CA",2,2,0,116
"Dehradun, Jalandhar",3,3,6,228
Bangalore,0,0,2,17
Perú,8,13,49,3141
"Melbourne & Geelong, Australia",15,21,43,578
Houston Area,0,0,16,382
"Bangalore, Karnataka, India",0,5,0,10
Sri Lanka,0,1,0,132
"St charles, MO",0,1,0,28
Kilimanjaro,1,4,0,5
"Hassan, Karnataka, India",3,2,10,139
"Fairfax, VA",3,2,10,16
Maryland,1,0,4,40
"Braga,Portugal",4,4,1,74
Ghaziabad,1,0,1,46
Modasa,4,4,4,84
"Chicago, IL",4,4,4,15
Chennai,1,6,5,69
Hyderabad.,1,6,5,39
"Aalborg, Denmark",2,1,0,82
"Iloilo, Philippines",15,3,5,2
"Boston, MA",25,3,281,244
San Francisco,2,0,0,1342
"Melbourne, Australia",7,0,22,0
"Sydney, Australia",4,1,0,15
"Charlotte, USA",10,3,4,0
France,7,6,22,172
Seoul,5,10,15,0
Greece,1,0,3,7
"Winter Park (Orlando), Florida",80,75,60,608
London,3,2,0,11
Stony Brook,0,3,0,48
"Columbia,United States",2,2,1,99
New Delhi,52,21,34,0
Heidelberg,0,0,2,6
"West Lafayette, IN",0,5,8,23
Sydney,3,0,1,34
"Austin, TX and Princeton, NJ",6,0,0,5
"Santa Clara, California, United States",3,1,14,357
India,6,51,113,14
"San Jose, USA",4,3,9,23
"New York, New York",1,3,1,1
"Santa Clara, CA",19,23,62,157
"Sydney, Australia",22,31,85,414
Brno,0,0,5,360
"Murcia, Spain",69,35,420,702
"Pune, Maharashtra, India",6,9,3,708
San Francisco Bay Area,1,1,5,80
Bangalore,5,4,1,157
"khulna,Bangladesh",1,0,0,37
Ohio,1,2,0,1
Hyderabad,3,2,1,7
"Jamshedpur, Jharkhand, India",29,12,13,72
India,5,1,0,61
New York City,6,17,5,20
"Noida, India",73,31,19,133
Pune,73,31,19,7
"Houston, TX",73,31,19,1
"Hangzhou,China",1,1,12,0
Bangalore ,1,2,72,7
"Washington, DC",73,107,287,291
"Chittagong,Bangladesh",1,2,1,0
"Nairobi, Kenya",0,2,0,79
"Hermosillo, Sonora, MX",5,6,8,49
FCT-Abuja,1,2,0,945
"Delhi, India",12,6,18,68
"Ottawa, Canada",6,3,4,77
Michigan,0,1,3,131
"iran , tehran",1,31,10,38
Los Angeles,1,31,10,29
"Hyderabad, India",9,0,0,98
"Viladecans, Barcelona",3,11,0,0
"Tampa, FL and India",0,9,1,0
"Pune , India",7,24,47,9
Mississauga,1,1,6,0
"Montreal, QC, Canada",2,0,5,6
Kigali Rwanda,21,13,0,1311
"Boston, MA",8,15,27,253
"Ismalia ,Egypt",8,15,27,39
Nairobi,3,5,50,135
egypt,0,1,6,27
NYC,3,0,0,10
New Delhi,2,0,0,0
"Washington, DC",1,0,0,1
India,2,3,24,84
"Canberra, Australia",4,7,0,83
"Barcelona, Spain",53,0,1,472
"Athens, WV",53,0,1,6
Bangluru,0,0,2,2
University of Moratuwa,0,0,2,9
Bangalore,0,2,2,1
"Chittagong,Bangladesh",0,2,2,0
Pune,1,1,1,180
"New York, NY",1,1,14,9
"Kampala, Uganda",8,0,0,615
"Russia, Armenia",216,6,52,593
Chennai,6,17,32,47
Pune,6,17,32,0
Austin,2,0,18,74
"Purwokerto, Indonesia",9,14,43,231
Nashville,4,3,0,12
India,1,0,0,0
"Chicago,IL",4,1,9,41
"Recife, PE, Brasil",8,1,0,111
Jakarta,13,0,0,0
Tijuana,22,21,48,783
Hyderabad,0,0,8,0
IIIT Bangalore,58,62,136,752
Brazil,15,16,51,391
Bangalore,15,16,51,10
Indonesia,0,0,1,332
Nashville,4,3,0,12
Hyderabad,14,24,23,18
Gurugram,13,1,6,135
"Bengaluru, India",0,2,5,156
"Braga,Portugal",4,4,1,74
"Ranchi, Jharkhand",0,1,1,3
"Pune, Maharashtra.",12,2,16,108
Cyprus,3,12,9,89
IIIT Bangalore,52,36,42,282
"Boulder, CO",2,3,0,117
"New York, NY",14,10,6,3
"Greater Noida,India ",14,10,6,31
Netherlands,0,1,0,135
Bangalore,1,1,1,314
"Dublin, Ireland",15,12,60,20
New York City,0,0,6,312
London,3,1,0,12
"Saint Petersburg, FL",20,24,0,109
Pune,0,2,1,117
Delhi,0,1,7,149
"550 Peachtree Street, NE, Suite 1275 Atlanta, GA 30308",0,15,8,30
Goiânia - GO,5,5,9,4
İstanbul,1,1,0,33
Mumbai,25,2,28,472
"BD-188, Krishnapur, Kolkata, North 24 Paraganas, West Bengal",13,158,15,25
Bangalore,0,2,4,20
Sao Paulo - Brazil,62,48,46,581
Sao Paulo,5,13,5,38
"Kampala,Uganda",0,0,7,3
Mumbai,0,0,7,1
Banglore India,1,0,0,36
"Kathmandu, Nepal",4,40,52,91
"Halifax, Nova Scotia, Canada",3,1,8,30
Bangalore,0,1,0,12
Kochi,0,1,3,62
Kolkata,0,7,2,87
"Buea, Cameroon",1,1,1,354
"Brasília, DF",3,16,8,55
"Islamabad, PK",3,12,1,179
"Elizabethtown, NC",0,1,0,259
Seattle,2,1,6,46
"La Piedad, Michoacán, México",1,8,12,153
"New Delhi, India",1,0,1,48
New York,0,0,7,308
Berlin,8,5,24,2174
India,8,5,24,113
California,6,147,662,101
"New York, NY",3,3,0,309
Ankara Turkey,3,7,2,11
"Bengaluru, Karnataka, India",6,5,1,56
Chennai,2,1,0,19
Gurgaon,1,9,1,4
Faridabad,1,9,1,99
San Francisco,3,1,6,132
"Maharashtra Nagpur, India",1,5,10,46
Singapore,2,1,0,42
Pune,2,1,0,399
"Colchester, United Kingdom",3,7,0,68
Mumbai,9,18,5,119
Hyderabad,1,0,1,98
The Great Pacific Northwest,1,0,0,207
"Chicago, IL",11,23,73,944
pune,11,23,73,4
"India, willing to relocate.",0,1,7,1336
"Hyderabad,India",0,1,7,47
"New York, New York",0,4,12,52
Visakhapatnam,57,1,0,388
"Plymouth, United Kingdom",1,1,3,198
Saudi Arabia,0,1,0,23
Central America,9,20,8,116
"Milpitas, CA",2,10,2,231
Mumbai,2,12,6,58
"Mohali, India",6,8,11,169
Jaipur,6,12,7,120
Hyderabad,1,2,4,34
Mumbai,3,3,24,390
india,1,20,42,232
"No 2 omoyiola area Ido-Osun, Osun State",0,5,1,46
"Stockholm, Sweden ",3,5,0,18
Nigeria,0,0,11,16
MUMBAI,0,4,4,42
solapur,0,0,3,72
bangalore,1,3,0,44
Jammu,11,17,45,94
Baltimore,1,0,0,76
"Lagos, Nigeria ",0,6,20,37
Pune,7,13,0,276
Germany,4,3,30,216
Gandhinagar,8,3,1,77
"Dublin, Ireland",8,3,1,39
United States,0,0,1,23
"#82/24 Shanti Nibash, Barontek (Balur Mat), Dhaka Cantonment-1206, Pallabi, Dhaka, BAngladesh",0,0,1,5
"Sweden,India ",8,10,18,132
New Delhi,5,9,11,515
"Kolkata, India",5,9,11,5
Mumbai,4,7,6,57
"Mumbai, India",9,17,35,115
Nyeri,3,7,10,311
"Mumbai , India",0,1,0,20
Pratapgarh Uttar Pradesh,0,0,1,25
"Falls Church, VA",1,3,61,29
Toronto,9,12,19,216
EGYPT,13,9,9,52
"Saskatoon, SK",1,0,0,50
Banasthali Vidyapith,5,9,13,97
Chennai,0,0,2,7
Minneapolis,2,2,2,166
New York City,7,3,2,214
"Sweden,India ",8,10,18,132
"Delhi, India",0,0,1,50
Haryana,0,0,1,15
"Dallas, Texas",0,0,1,22
Noida,0,0,1,25
"Delhi,India",20,18,22,400
"Cincinnati, OH",0,0,1,19
"Westport, CT",0,0,1,18
India,1,3,6,36
"Brighton, UK",2,20,26,90
Los Angeles,12,4,10,63
turkey,1,1,0,20
Tokyo,1,0,0,76
"Andhra Pradesh ,India",3,7,62,232
India,3,7,62,6
"Brussels, Belgium",0,3,0,25
"Poland, Warsaw",1,7,2,57
"Pune, Maharashtra",1,7,2,22
pune,1,7,2,18
29115,7,19,21,59
Bengaluru,0,2,0,26
"Goa, India",8,13,4,962
"Islamabad, Pakistan",0,0,1,93
"Thessaloniki, Greece",0,0,1,295
"Sri Sumangala Rd Rathmalana, Colombo,, Sri Lanka",1,9,28,910
Hyderabad,2,2,3,35
"Lonavala,Maharashta,India",6,4,23,163
Barcelona,1,5,1,269
"Hartford, USA",1,5,1,7
Houston Area,0,0,16,382
pune,0,0,1,38
"London, Ontario, Canada",32,25,3,156
Arinos,4,13,0,206
São Paulo,4,16,29,47
Nigeria,0,0,2,148
Sri Lanka,0,1,0,132
Dublin,0,1,0,67
"Kapan, Kathmandu, Nepal",0,0,1,45
Khulna,0,0,1,4
Columbus Indiana,11,89,630,144
London,0,0,1,138
"Dakar, Sénégal",208,521,1900,119
Mumbai,3,12,26,184
